"STATION","DATE","HN01","LN01","PRCP","TAVG"
"USC00345514","2014","84","27",,"59.9"
"USC00345514","2015",,,,"61.1"
"USC00345514","2016","85","32","33.81","62.1"
"USC00345514","2017","85","32",,"61.4"
"USC00345514","2018","87","27","28.33",
"USC00345514","2019","84","32","32.11","60.0"
"USC00345514","2020",,,,
"USC00345514","2021",,,,"60.9"
"USC00345514","2022","87","31",,"61.5"
"USC00237963","2014","78","22","36.72","49.1"
"USC00237963","2015","79","29","52.88","52.4"
"USC00237963","2016","79","32","34.64","53.7"
"USC00237963","2017","81","33","40.85","53.3"
"USC00237963","2018","79","30","35.55","51.3"
"USC00237963","2019","80","28","61.54","50.4"
"USC00237963","2020","79","32","37.51","52.0"
"USC00237963","2021","80","33","37.17","53.0"
"USC00237963","2022","79","32","33.84","50.8"
"USC00406435","2014",,,"59.66","55.0"
"USC00406435","2016",,,"37.60","61.2"
"USC00406435","2017",,,,
"USC00406435","2018",,,"61.50","60.0"
"USC00128723","2014",,,,
"USC00128723","2015",,,,
"USC00128723","2016",,,,
"USC00128723","2017",,,,
"USC00128723","2018",,,,
"USC00128723","2019",,,,
"USC00128723","2020",,,,
"USC00341270","2014",,,,"59.1"
"USC00341270","2015","85","32",,"60.0"
"USC00341270","2016","84","29",,"61.3"
"USC00341270","2017","85","31",,"60.6"
"USC00341270","2018","86","26","27.96","60.0"
"USC00341270","2019","85","33","30.16","59.4"
"USC00341270","2020","85","33",,"60.7"
"USC00341270","2021","82","27",,"60.5"
"USC00341270","2022",,,"28.19","60.5"
"USC00018998","2014",,,"60.14","58.4"
"USC00018998","2015",,,"67.22","60.7"
"USC00018998","2016",,,"46.48",
"USC00018998","2017",,,"65.04","62.7"
"USC00018998","2018",,,"74.86","61.8"
"USC00018998","2019",,,"82.76","62.2"
"USC00018998","2020",,,"85.15","62.3"
"USC00018998","2021",,,"84.55","61.2"
"USC00018998","2022",,,,
"USC00253652","2014",,,"36.09","45.9"
"USC00253652","2015","76","18",,"49.7"
"USC00253652","2018",,,,"47.9"
"USC00253652","2019",,,,"47.6"
"USC00253652","2020",,,,"50.3"
"USC00253652","2021",,,,"50.9"
"USC00253652","2022",,,,"49.7"
"USC00345870","2014","82","33",,"59.1"
"USC00345870","2015","83","33","53.73","60.7"
"USC00345870","2016","84","27","29.91",
"USC00345870","2017","85","29",,"61.8"
"USC00345870","2018","86","25","32.16","60.1"
"USC00345870","2019","85","32","38.92","59.6"
"USC00345870","2020","83","35",,"60.5"
"USC00345870","2021","81","30",,"60.5"
"USC00345870","2022","89","29",,"61.1"
"USC00172443","2014","70","30","56.93","43.8"
"USC00172443","2015","70","32","44.59","43.4"
"USC00172443","2016","71","32","44.30","45.7"
"USC00172443","2017","69","30","43.35","45.1"
"USC00172443","2018","73","27","59.30","44.5"
"USC00172443","2019","72","23","61.90","43.5"
"USC00172443","2020","71","30","42.46","45.7"
"USC00172443","2021","72","28","53.52","46.5"
"USC00172443","2022","73","29","51.02","45.8"
"USC00348900","2015","87","33",,"62.1"
"USC00348900","2016","89","30","39.11","63.5"
"USC00348900","2017","84","33","42.59","63.1"
"USC00348900","2018","86","28","63.24","61.7"
"USC00348900","2019","85","33","51.32","61.3"
"USC00348900","2020","86","35","44.60","62.1"
"USC00348900","2021","85","29",,"61.8"
"USC00348900","2022","89","28",,"62.2"
"USC00166314","2014",,,"53.46",
"USC00166314","2015",,,"55.91",
"USC00166314","2016",,,"69.45",
"USC00412676","2018","94","33","43.52","69.5"
"USC00412676","2019",,,"41.56","70.0"
"USC00412676","2020",,,,
"USC00412676","2021","91","34","51.72","70.3"
"USC00412676","2022","96","36","22.07","70.5"
"USC00427260","2014",,,"10.11","50.8"
"USC00427260","2015",,,,
"USC00427260","2018",,,"6.65","51.6"
"USC00427260","2019",,,"5.95","48.0"
"USC00427260","2021",,,"8.96",
"USC00427260","2022",,,"6.26","48.6"
"USC00228445","2014","86","14","55.00","62.2"
"USC00228445","2015",,,,
"USC00228445","2016","91","29","61.44","66.2"
"USC00228445","2017",,,"57.85","66.3"
"USC00228445","2022",,,,
"USC00489615","2014",,,"18.54","49.0"
"USC00489615","2015",,,"21.04","53.0"
"USC00489615","2016",,,"11.78",
"USC00489615","2017",,,"11.77","49.4"
"USC00489615","2018",,,,
"USC00489615","2019",,,,
"USC00489615","2020",,,,
"USC00489615","2021",,,,
"USC00489615","2022",,,,
"USC00116738","2014",,,,
"USC00116738","2015",,,,
"USC00116738","2016","80","26","25.76","55.4"
"USC00116738","2017","81","26","38.57","55.0"
"USC00116738","2018",,,,
"USC00116738","2021",,,,
"USC00340198","2014","83","28",,"57.6"
"USC00340198","2015","85","31",,"59.7"
"USC00340198","2016","86","26",,"60.7"
"USC00340198","2017","86","28","27.46","60.2"
"USC00340198","2018","84","25",,"58.9"
"USC00340198","2019","85","28",,"58.0"
"USC00340198","2020","85","32",,"58.8"
"USC00340198","2021","83","23",,"59.6"
"USC00340198","2022",,,,"59.6"
"USC00340990","2014","84","31",,"59.2"
"USC00340990","2015","86","33","71.46","61.1"
"USC00340990","2016","87","32","34.42","62.7"
"USC00340990","2017","86","34","41.58","62.0"
"USC00340990","2018",,,,
"USC00340990","2019",,,"42.63","60.6"
"USC00340990","2020","85","34",,"61.2"
"USC00340990","2021",,,,"61.4"
"USC00340990","2022","89","26",,"61.6"
"USC00345769","2014",,,,"57.4"
"USC00345769","2015","84","27",,"59.5"
"USC00345769","2016","85","26","27.21","60.7"
"USC00345769","2017","86","29","32.69","60.2"
"USC00345769","2018","83","27",,"58.5"
"USC00345769","2019","84","28",,"58.2"
"USC00345769","2020",,,"36.54","58.9"
"USC00345769","2021",,,,"59.3"
"USC00345769","2022","87","22",,"59.2"
"USC00341283","2014","84","27",,
"USC00341283","2015","85","31","64.31","61.9"
"USC00341283","2016","88","29","38.30","63.7"
"USC00341283","2017","87","34","35.84","63.1"
"USC00341283","2018","87","28","45.13","61.4"
"USC00341283","2019","87","33","37.41","61.3"
"USC00341283","2020","84","34",,"62.0"
"USC00341283","2021",,,,"62.2"
"USC00341283","2022","90","28",,"62.5"
"USC00290600","2014","76","33","16.75","60.3"
"USC00290600","2015","80","30","13.62","60.6"
"USC00290600","2016","81","31","16.32","61.6"
"USC00290600","2017","79","35","11.83","62.7"
"USC00290600","2018","80","33","13.07","60.7"
"USC00290600","2019","80","33","11.35","61.8"
"USC00290600","2020","82","36","6.10","62.1"
"USC00290600","2021","77","31","12.27","61.3"
"USC00290600","2022","83","30","12.17","60.8"
"USC00156624","2014",,,,"52.6"
"USC00156624","2015",,,,"55.0"
"USC00156624","2016",,,,"55.9"
"USC00156624","2017",,,,"55.4"
"USC00156624","2018",,,,
"USC00156624","2019",,,,
"USC00156624","2020",,,,"55.5"
"USC00156624","2021",,,,"55.0"
"USC00156624","2022",,,,
"USC00227111","2014","85","37","58.57","59.5"
"USC00227111","2015",,,"67.61",
"USC00227111","2016",,,,
"USC00227111","2017",,,,
"USC00227111","2018",,,,
"USC00227111","2019",,,,
"USC00227111","2020",,,,
"USC00161899","2016",,,,
"USC00161899","2018",,,,
"USC00094170","2016",,,"40.67",
"USC00094170","2017",,,"50.85",
"USC00094170","2018",,,"68.20","65.7"
"USC00094170","2019",,,"50.63",
"USC00094170","2020",,,"64.02",
"USC00094170","2021",,,"61.90","65.4"
"USC00094170","2022",,,"39.63","65.5"
"USC00042294","2014","87","43","20.44","64.0"
"USC00042294","2015","89","40","7.86","63.0"
"USC00042294","2016","89","38","20.23","62.4"
"USC00042294","2017",,,"29.88",
"USC00042294","2018","83","41","15.77","62.1"
"USC00042294","2019","82","40","32.08","62.5"
"USC00042294","2020","89","44","6.80","63.8"
"USC00042294","2021","90","42","18.59","64.2"
"USC00042294","2022","84","42","12.43","63.2"
"USC00404946","2014","82","30","46.99",
"USC00404946","2015","86","32","62.39","59.4"
"USC00404946","2016",,,"46.77",
"USC00404946","2017","84","30","58.28","60.5"
"USC00404946","2018","87","30","72.98","59.6"
"USC00404946","2019",,,"64.84","59.8"
"USC00404946","2020","87","29","72.02","58.7"
"USC00404946","2021","87","29","55.31","59.5"
"USC00404946","2022","88","15","60.84","59.2"
"USC00155097","2014","76","31","46.35","58.0"
"USC00155097","2015",,,"62.73","60.3"
"USC00155097","2016","78","33","53.39","61.6"
"USC00155097","2017","77","33","54.21","61.7"
"USC00155097","2018","79","31","58.48","60.6"
"USC00155097","2019","78","24","64.89","60.9"
"USC00155097","2020",,,"63.59","60.6"
"USC00155097","2021","80","34","68.22","60.5"
"USC00155097","2022","80","33","52.34","60.2"
"USC00081544","2014",,,"68.51","65.3"
"USC00081544","2015",,,"69.60","69.0"
"USC00081544","2016",,,"71.91","68.8"
"USC00081544","2017",,,"59.16","68.8"
"USC00081544","2018",,,,
"USC00161411","2014","83","33","54.74","61.4"
"USC00161411","2015","85","33","66.83","64.5"
"USC00161411","2016",,,,
"USC00161411","2022",,,,
"USC00341726","2014","86","30",,"58.2"
"USC00341726","2015","86","29",,"60.4"
"USC00341726","2016","88","26",,"61.4"
"USC00341726","2017","88","29","30.48","60.6"
"USC00341726","2018","88","25",,"59.4"
"USC00341726","2019","86","32",,"58.6"
"USC00341726","2020","87","33",,"59.2"
"USC00341726","2021","86","26",,"59.8"
"USC00341726","2022","90","27",,"59.9"
"USC00115079","2014",,,"44.26","48.8"
"USC00115079","2015",,,"48.61","52.3"
"USC00115079","2016",,,"39.77","54.2"
"USC00115079","2017",,,"33.53","53.7"
"USC00115079","2018",,,"42.20","51.6"
"USC00115079","2019",,,,
"USC00115079","2020",,,"35.47","53.0"
"USC00115079","2021",,,"42.38","53.5"
"USC00115079","2022",,,"36.44","51.2"
"USC00425194","2014",,,"18.03","47.8"
"USC00425194","2015",,,"17.52","48.6"
"USC00425194","2016",,,"21.79","47.3"
"USC00425194","2017","79","27","25.87","46.8"
"USC00425194","2018","77","26","13.11","47.2"
"USC00425194","2019",,,"21.88","44.9"
"USC00425194","2020",,,"9.96","46.5"
"USC00425194","2021",,,"16.88","48.8"
"USC00425194","2022",,,"16.17","46.3"
"USC00168163","2014",,,"61.98",
"USC00168163","2015","90","31","60.58","67.7"
"USC00168163","2016",,,"55.86",
"USC00168163","2017",,,"53.76","68.0"
"USC00168163","2020",,,,
"USC00168163","2021",,,,
"USC00168163","2022","86","36","52.81","67.0"
"USC00153389","2014",,,,
"USC00148235","2014","80","29","16.32","52.3"
"USC00148235","2015",,,"21.73","54.0"
"USC00148235","2016","79","32","19.99","54.3"
"USC00148235","2017","81","24","23.46","53.6"
"USC00148235","2018","81","26","19.66","52.4"
"USC00148235","2019","78","29","19.59","50.9"
"USC00148235","2020","80","31","14.57","52.4"
"USC00148235","2021","78","19","22.13","51.9"
"USC00148235","2022","82","21","14.52","51.2"
"USC00100010","2014",,,"9.91","46.7"
"USC00100010","2015",,,"9.29","47.1"
"USC00100010","2016",,,"14.76","44.7"
"USC00100010","2017",,,"14.34",
"USC00100010","2018",,,"8.65","45.8"
"USC00100010","2019",,,"10.68","44.1"
"USC00100010","2020",,,"8.38","46.1"
"USC00100010","2021",,,,"47.4"
"USC00100010","2022",,,"7.85","43.6"
"USC00101220","2014",,,,
"USC00101220","2015",,,,
"USC00342825","2014","81","30",,"58.0"
"USC00342825","2015","83","31",,"59.3"
"USC00342825","2016",,,,"61.1"
"USC00342825","2017","84","32",,"60.2"
"USC00342825","2018",,,"31.15","58.9"
"USC00342825","2019","84","30",,"58.7"
"USC00342825","2020","82","34",,"59.2"
"USC00342825","2021",,,,
"USC00342825","2022",,,,"59.6"
"USC00348124","2014","83","29",,"59.6"
"USC00348124","2015",,,"66.07","61.2"
"USC00348124","2016","86","28","36.61","62.8"
"USC00348124","2017",,,"38.52","62.2"
"USC00348124","2018","86","28","39.31","60.5"
"USC00348124","2019",,,"46.19","60.5"
"USC00348124","2020","83","35",,"61.2"
"USC00348124","2021","84","26",,"61.6"
"USC00348124","2022",,,,"61.7"
"USC00083874","2014","87","55","59.22","67.7"
"USC00083874","2015","87","51","49.83","70.6"
"USC00083874","2016","88","53","52.13","70.0"
"USC00083874","2017","88","57","77.65","71.3"
"USC00083874","2021","88","57","51.62","70.4"
"USC00083874","2022","88","57","58.14","70.6"
"USC00344205","2014",,,,"60.0"
"USC00344205","2015","86","33",,"61.3"
"USC00344205","2016","87","33",,
"USC00344205","2017","86","32","34.67","62.0"
"USC00344205","2018",,,,"61.3"
"USC00344205","2019",,,"33.27","60.7"
"USC00344205","2020","85","35","33.15","61.2"
"USC00344205","2021",,,,"61.4"
"USC00344205","2022","87","26",,"62.0"
"USC00345775","2014","83","30",,"61.2"
"USC00345775","2015","84","29",,"62.3"
"USC00345775","2016","86","28","37.36","63.9"
"USC00345775","2017","84","26","43.87","62.9"
"USC00345775","2018","86","22","33.38","61.9"
"USC00345775","2019","85","31","29.92","61.3"
"USC00345775","2020",,,"33.80","62.0"
"USC00345775","2021","83","28",,"62.3"
"USC00345775","2022","90","32",,"63.0"
"USW00094822","2014",,,"33.53","46.1"
"USW00094822","2015",,,"40.07","49.8"
"USW00094822","2016",,,"35.20","51.9"
"USW00094822","2017",,,"44.71","51.2"
"USW00094822","2018",,,"49.63","48.7"
"USW00094822","2019",,,"49.45","48.7"
"USW00094822","2020",,,"34.63","51.4"
"USW00094822","2021",,,"24.22","52.0"
"USW00094822","2022",,,"39.51","49.2"
"USC00032355","2014",,,"60.30","63.5"
"USC00032355","2015",,,"65.66","66.1"
"USC00032355","2016",,,"70.92","66.8"
"USC00032355","2017",,,"60.92","65.5"
"USC00032355","2018",,,,
"USC00032355","2020",,,"77.32",
"USC00032355","2021",,,"54.54",
"USC00356540","2014",,,,
"USC00356540","2015",,,,
"USC00356540","2016",,,"19.44","51.7"
"USC00356540","2017",,,"19.64","49.6"
"USC00356540","2018",,,"15.82","51.0"
"USC00356540","2019",,,"16.22","48.5"
"USC00356540","2020",,,"18.39","50.9"
"USC00356540","2021",,,,
"USC00356540","2022",,,,
"USC00251684","2014",,,"27.21","50.3"
"USC00251684","2015",,,"31.34","53.2"
"USC00251684","2016",,,"24.59","54.0"
"USC00251684","2017",,,"28.52","53.1"
"USC00251684","2018",,,"36.63","50.3"
"USC00251684","2019",,,"36.98","49.9"
"USC00251684","2020",,,"18.60","52.2"
"USC00251684","2021",,,"27.65","52.5"
"USC00251684","2022",,,"22.46","50.8"
"USC00342948","2014","84","29",,"58.9"
"USC00342948","2015","81","31",,"59.6"
"USC00342948","2016","85","25",,
"USC00342948","2017",,,"29.54","60.4"
"USC00342948","2018","85","25",,"60.1"
"USC00342948","2019","84","32",,"59.1"
"USC00342948","2020","86","32",,"60.5"
"USC00342948","2021","83","23",,"60.1"
"USC00342948","2022","88","28",,"60.7"
"USC00164030","2014",,,,
"USC00035186","2014","82","18","44.86","57.3"
"USC00035186","2015","84","40","74.68","59.6"
"USC00035186","2016","82","39","44.28","61.8"
"USC00035186","2017",,,"45.06","61.6"
"USC00035186","2018",,,"60.44","60.1"
"USC00035186","2019","73","25","69.72","60.0"
"USC00035186","2020","72","27","62.32","59.6"
"USC00035186","2021",,,"50.69","59.6"
"USC00035186","2022",,,"49.69","59.5"
"USC00483855","2014",,,"20.80","45.9"
"USC00483855","2015",,,"18.79","48.6"
"USC00483855","2016",,,"14.06","49.2"
"USC00483855","2017",,,"15.14","49.3"
"USC00483855","2018",,,"18.49","46.8"
"USC00483855","2019",,,"21.91","44.2"
"USC00483855","2020",,,"12.81","48.0"
"USC00483855","2021",,,"10.85","48.6"
"USC00483855","2022",,,"15.85","46.7"
"USC00346756","2014",,,,
"USC00346756","2015","85","27","38.87",
"USC00346756","2016","85","26",,
"USC00346756","2017","85","28","41.88","60.7"
"USC00346756","2018","85","25","38.91","58.8"
"USC00346756","2019","84","27",,"58.8"
"USC00346756","2020","83","33",,"59.4"
"USC00346756","2021",,,,"59.4"
"USC00346756","2022","87","27",,"59.3"
"USC00255362","2014",,,"34.46","48.5"
"USC00255362","2015",,,"42.27","51.1"
"USC00255362","2016",,,"35.71","52.4"
"USC00255362","2017",,,"34.20","51.7"
"USC00255362","2018",,,"34.19","48.6"
"USC00255362","2019",,,"33.28","48.2"
"USC00255362","2020",,,"16.82","50.7"
"USC00255362","2021",,,"34.15","51.3"
"USC00255362","2022",,,"17.80","49.6"
"USC00343363","2014","82","31",,"58.0"
"USC00343363","2015","84","28",,"59.8"
"USC00343363","2016",,,"24.50","60.8"
"USC00343363","2017","85","28","27.05","59.8"
"USC00343363","2018","82","27",,"58.8"
"USC00343363","2019","84","30",,"57.7"
"USC00343363","2020","84","33",,"58.7"
"USC00343363","2021","82","26",,"59.5"
"USC00343363","2022","86","21","16.43","59.6"
"USC00221707","2014",,,"63.33","60.2"
"USC00221707","2015",,,,
"USC00221707","2016",,,,
"USC00221707","2017",,,,
"USC00221707","2018",,,,
"USC00221707","2019",,,,"62.9"
"USC00221707","2020",,,,
"USC00221707","2022",,,,
"USC00386299","2018","86","30","67.64","64.5"
"USC00386299","2019","80","29","58.25","66.7"
"USC00386299","2020","85","30","74.59","67.0"
"USC00349346","2014","85","31",,"60.0"
"USC00349346","2015","84","32","62.45","61.3"
"USC00349346","2016","87","32","36.40",
"USC00349346","2017","86","34","39.10","62.3"
"USC00349346","2018",,,"48.22","60.9"
"USC00349346","2019",,,"40.61","60.7"
"USC00349346","2020","85","35","44.41","61.5"
"USC00349346","2021","84","30",,"61.5"
"USC00349346","2022","88","28",,"61.5"
"USC00348499","2014","83","32",,"58.8"
"USC00348499","2015","86","31",,"60.7"
"USC00348499","2016","87","30","30.89","62.2"
"USC00348499","2017","85","32","43.18","61.7"
"USC00348499","2018","85","30","36.46","59.7"
"USC00348499","2019",,,"54.85","59.7"
"USC00348499","2020","82","34",,"60.3"
"USC00348499","2021",,,,"60.5"
"USC00348499","2022",,,,"60.5"
"USC00341743","2014","84","30",,"58.7"
"USC00341743","2015","83","32",,"59.7"
"USC00341743","2016","85","30",,"61.4"
"USC00341743","2017","85","30",,"60.7"
"USC00341743","2018","87","27","25.18","60.0"
"USC00341743","2019","84","31","30.99","58.8"
"USC00341743","2020","85","33",,"60.7"
"USC00341743","2021","83","28",,"60.5"
"USC00341743","2022","87","27","19.65","60.8"
"USW00023065","2014","75","28","17.87","50.9"
"USW00023065","2015","77","28","20.57","53.7"
"USW00023065","2016","76","22","17.41","53.7"
"USW00023065","2017","77","22","26.39","52.9"
"USW00023065","2018","77","17","20.04","51.9"
"USW00023065","2019",,,"22.81","50.7"
"USW00023065","2020",,,"16.21","53.0"
"USW00023065","2021",,,"13.22","52.9"
"USW00023065","2022",,,"11.10",
"USC00087429","2017",,,,
"USC00087429","2020",,,,
"USC00111497","2014","77","27","42.47","46.1"
"USC00111497","2015","76","29","41.77","49.6"
"USC00111497","2016","80","26","36.20","51.7"
"USC00111497","2017","78","23","46.30","50.9"
"USC00111497","2018","77","24","51.09","49.2"
"USC00111497","2019",,,,
"USC00112223","2014",,,"36.04","45.0"
"USC00112223","2015",,,"41.83","48.6"
"USC00112223","2016",,,"38.53","50.7"
"USC00112223","2017",,,"41.29","49.7"
"USC00112223","2018",,,"39.19","47.9"
"USC00112223","2019",,,"45.82","47.4"
"USC00112223","2020",,,"35.56","49.2"
"USC00112223","2021",,,,
"USC00112223","2022",,,"37.03","47.4"
"USC00114400","2015",,,,
"USC00114400","2016","83","7","46.70","55.9"
"USC00114400","2017","87","32","36.51","56.2"
"USC00114400","2018","85","27","50.67","54.3"
"USC00114400","2019",,,"57.17","55.0"
"USC00114400","2020","82","33","46.23","55.1"
"USC00114400","2021","84","32","49.27","54.8"
"USC00114400","2022",,,"42.48",
"USC00164700","2014",,,"59.87","66.6"
"USC00164700","2015",,,"67.53","69.2"
"USC00164700","2016",,,"77.28","69.7"
"USC00164700","2017",,,"82.72","69.5"
"USC00164700","2018",,,"59.37","68.3"
"USC00164700","2019",,,"68.96","68.2"
"USC00164700","2020",,,,
"USC00164700","2021",,,"61.55","67.9"
"USC00164700","2022",,,"47.11","67.8"
"USC00227128","2014",,,"56.76",
"USC00227128","2015",,,,
"USC00227128","2016",,,"65.96",
"USC00227128","2017",,,"95.52","67.1"
"USC00227128","2018",,,"69.57","66.6"
"USC00227128","2019",,,"72.28","66.7"
"USC00227128","2020",,,"69.43",
"USC00227128","2021",,,"82.22",
"USC00227128","2022",,,"67.30",
"USC00015121","2014","89","43","42.28","62.9"
"USC00015121","2015","85","45","47.70","65.9"
"USC00015121","2016","85","33","39.01","66.5"
"USC00015121","2017","85","41","57.97","66.4"
"USC00015121","2018",,,,
"USC00015121","2020",,,,"65.1"
"USC00015121","2021",,,,
"USC00015121","2022",,,"61.20",
"USC00126580","2014","79","35","50.35","50.4"
"USC00126580","2015","79","31","42.73","53.1"
"USC00126580","2016","81","37","50.96","55.0"
"USC00126580","2017",,,"40.86","54.4"
"USC00126580","2018",,,"55.15","53.2"
"USC00126580","2019",,,"56.90","53.4"
"USC00126580","2020",,,"53.86","53.7"
"USC00126580","2021",,,,
"USC00126580","2022",,,"47.48","52.6"
"USC00012096","2014",,,,
"USC00012096","2015","86","35","64.94","59.5"
"USC00012096","2016",,,,
"USC00012096","2017",,,"63.07",
"USC00012096","2018",,,,
"USC00012096","2022",,,"59.59","61.7"
"USC00011080","2014",,,"82.18","63.4"
"USC00011080","2015",,,"63.61",
"USC00011080","2016",,,"62.31","64.7"
"USC00011080","2018",,,,"66.3"
"USC00011080","2019",,,,"67.2"
"USC00011080","2020",,,,"66.7"
"USC00011080","2021",,,,"65.9"
"USC00011080","2022",,,,"65.6"
"USC00228374","2014","86","29","56.44","62.0"
"USC00228374","2015","89","29","59.44","64.6"
"USC00228374","2016","88","33","49.85","65.6"
"USC00228374","2017","87","30","58.06","65.1"
"USC00228374","2018",,,,
"USC00228374","2020",,,,
"USC00228374","2021",,,,
"USC00228374","2022","87","27","62.00","63.9"
"USC00130200","2014","72","0","39.87","47.1"
"USC00130200","2015",,,"44.58","50.6"
"USC00130200","2016","77","4","37.60","52.3"
"USC00130200","2017","78","3","29.76","51.6"
"USC00130200","2018","71","-3","49.79","49.1"
"USC00130200","2019",,,"36.13","48.2"
"USC00130200","2020",,,"23.07","50.6"
"USC00130200","2021",,,"24.72","52.1"
"USC00130200","2022",,,"35.42","49.8"
"USW00013722","2014",,,"55.28","59.6"
"USW00013722","2015",,,"57.11","61.8"
"USW00013722","2016",,,"51.26","62.4"
"USW00013722","2017",,,"45.56","62.7"
"USW00013722","2018",,,"60.30","61.3"
"USW00013722","2019",,,"42.99","62.4"
"USW00013722","2020",,,"55.23","62.5"
"USW00013722","2021",,,"45.27","61.8"
"USW00013722","2022",,,"44.76","62.7"
"USC00348027","2014","83","32",,"57.8"
"USC00348027","2015","86","32",,"59.5"
"USC00348027","2016","86","28",,"60.6"
"USC00348027","2017","88","31","25.46","60.0"
"USC00348027","2018","86","28","30.69",
"USC00348027","2019","86","31",,"58.3"
"USC00348027","2020","86","33",,"59.4"
"USC00348027","2021","86","27",,"59.6"
"USC00348027","2022","88","26","17.79","59.9"
"USC00341756","2014","86","28",,
"USC00341756","2015","87","29","51.33","61.2"
"USC00341756","2016","88","28","27.76","62.7"
"USC00341756","2017","87","32","39.45","62.0"
"USC00341756","2018","88","26","37.60","60.6"
"USC00341756","2019","89","31","36.56","60.6"
"USC00341756","2020","86","34","35.93","61.1"
"USC00341756","2021","84","28",,"60.9"
"USC00341756","2022",,,,"61.5"
"USC00419952","2014",,,"33.13","67.7"
"USC00419952","2015",,,"49.45","69.1"
"USC00419952","2016",,,"37.01","71.3"
"USC00419952","2017",,,"43.44","71.6"
"USC00419952","2018",,,"36.72","69.5"
"USC00419952","2019",,,"29.63","70.1"
"USC00419952","2021",,,,
"USC00381645","2014",,,"52.57","61.4"
"USC00381645","2015",,,"59.16","63.9"
"USC00381645","2016",,,"52.39","64.0"
"USC00381645","2017",,,,"64.5"
"USC00381645","2019",,,,"64.6"
"USC00381645","2020",,,,"63.7"
"USC00381645","2021",,,"42.38","62.7"
"USC00381645","2022",,,"46.72","62.7"
"USC00122825","2014","81","24","42.72","48.1"
"USC00122825","2015","82","14","47.68","51.1"
"USC00122825","2016","81","24","43.19","53.3"
"USC00122825","2017","84","26","46.70","52.6"
"USC00122825","2018","86","29","47.21","50.8"
"USC00122825","2019",,,,
"USC00122825","2020","83","32","42.42","52.0"
"USC00122825","2021",,,"40.93",
"USC00122825","2022",,,"32.75",
"USC00413289","2014","89","31","22.69","64.8"
"USC00413289","2015","92","32","58.01","66.3"
"USC00413289","2016","92","35","37.02","67.5"
"USC00413289","2017","89","35","28.52","67.6"
"USC00413289","2018","94","34","41.63","65.9"
"USC00413289","2019","94","36","37.60","65.4"
"USC00413289","2020","91","34","33.54",
"USC00413289","2022",,,"30.19","67.4"
"USC00141699","2014","77","5","17.96","50.9"
"USC00141699","2015","79","29","24.18","53.3"
"USC00141699","2016","79","28","17.54","53.6"
"USC00141699","2017","78","29","24.44","53.1"
"USC00141699","2018","77","26","21.84","51.4"
"USC00141699","2019","77","26","25.96","50.6"
"USC00141699","2020","76","30","13.80","53.0"
"USC00141699","2021","76","24","16.76","52.9"
"USC00141699","2022","79","25","12.26","52.2"
"USC00465963","2014","78","32","38.95","50.0"
"USC00465963","2015","76","32","48.15","51.9"
"USC00465963","2016","77","30","41.10","53.3"
"USC00465963","2017","77","30","56.46","53.3"
"USC00465963","2018","75","28","72.76","52.5"
"USC00465963","2019","79","27","51.37","53.0"
"USC00465963","2020","78","34","50.78","53.0"
"USC00465963","2021","78","32","43.62","53.0"
"USC00465963","2022","78","32","45.98","51.3"
"USC00348390","2014",,,,
"USC00348390","2015","86","30",,
"USC00348390","2016","87","30","24.69","63.0"
"USC00348390","2017","89","33","35.87","62.4"
"USC00348390","2018","87","28","40.04","60.3"
"USC00348390","2019","87","32","48.05","60.2"
"USC00348390","2020","85","34",,"61.0"
"USC00348390","2021","87","30",,"61.5"
"USC00348390","2022","90","28",,"61.6"
"USC00218450","2014","73","30","34.63","41.5"
"USC00218450","2015","78","15","33.90","46.0"
"USC00218450","2016",,,"41.71","47.2"
"USC00218450","2017",,,"34.09","45.6"
"USC00218450","2018",,,"34.54","44.8"
"USC00218450","2019",,,"42.96","42.7"
"USC00218450","2020","79","32","25.84","45.4"
"USC00218450","2021","77","29","26.39","46.8"
"USC00218450","2022",,,"23.80","43.1"
"USC00218692","2014","75","15","35.58","41.4"
"USC00218692","2015","75","2","45.70","46.7"
"USC00218692","2016",,,"56.30","48.5"
"USC00218692","2017","76","19","34.31","46.6"
"USC00218692","2018","76","17","45.07","42.9"
"USC00218692","2019","75","18","48.52","42.3"
"USC00218692","2020","79","24","36.46","45.3"
"USC00218692","2021","76","23","24.20","46.8"
"USC00218692","2022","76","14","31.44","43.1"
"USC00121739","2014","71","0","37.67","45.2"
"USC00121739","2015","71","23","36.33","48.1"
"USC00121739","2016","75","22","37.99","50.6"
"USC00121739","2017","72","25","44.92","50.2"
"USC00121739","2018","75","23","42.09",
"USC00121739","2019","74","28","44.31",
"USC00121739","2020","75","27","32.31",
"USC00121739","2021","75","29","42.76",
"USC00121739","2022","73","23","35.08",
"USC00304174","2014",,,"38.53","44.7"
"USC00304174","2015",,,"33.83","45.9"
"USC00304174","2016",,,"31.85","48.0"
"USC00304174","2017",,,"42.57","47.5"
"USC00304174","2018",,,"41.71","46.5"
"USC00304174","2019",,,"41.54","45.7"
"USC00304174","2020",,,"36.87","48.1"
"USC00304174","2021",,,"47.95","48.2"
"USC00304174","2022",,,"35.40","46.7"
"USW00013959","2014",,,"30.11","65.7"
"USW00013959","2015",,,"53.75","67.2"
"USW00013959","2016",,,"38.58","68.6"
"USW00013959","2017",,,"33.45","69.0"
"USW00013959","2018",,,"35.00","67.7"
"USW00013959","2019",,,"33.05","66.9"
"USW00013959","2020",,,"45.59","67.7"
"USW00013959","2021",,,"32.69","67.6"
"USW00013959","2022",,,"20.79","68.4"
"USW00013958","2014",,,"35.56","69.0"
"USW00013958","2015",,,"59.98","69.8"
"USW00013958","2016",,,"38.87","71.3"
"USW00013958","2017",,,"34.73","72.1"
"USW00013958","2018",,,"40.55","70.4"
"USW00013958","2019",,,"31.87","70.6"
"USW00013958","2020",,,"35.10","71.8"
"USW00013958","2021",,,"37.75","70.7"
"USW00013958","2022",,,"26.62","71.2"
"USC00034638","2014","83","28","54.31","59.8"
"USC00034638","2015","88","31","50.92","62.7"
"USC00034638","2016","88","32","58.27","63.9"
"USC00034638","2017","91","32","62.30","63.6"
"USC00034638","2018","87","29","65.94","61.9"
"USC00034638","2019","85","33","76.40","62.3"
"USC00034638","2020","86","33","68.52","62.5"
"USC00034638","2021","84","29","61.13","62.3"
"USC00034638","2022","87","34","58.46","61.6"
"USC00033428","2014","81","26","46.94","60.1"
"USC00033428","2015","92","32","78.83","62.9"
"USC00033428","2016",,,"58.60","64.1"
"USC00033428","2017","88","29","52.17","63.9"
"USC00033428","2018","89","25","69.51","62.5"
"USC00033428","2019","89","32","61.06","62.3"
"USC00033428","2020","86","32","67.54","61.5"
"USC00033428","2021",,,"54.88","62.4"
"USC00033428","2022",,,"49.38",
"USC00342849","2016","85","29",,"62.1"
"USC00342849","2017","86","30",,"61.3"
"USC00342849","2018","86","26",,"60.4"
"USC00342849","2019",,,"39.45","59.4"
"USC00342849","2020","85","33",,"61.1"
"USC00342849","2021",,,,"60.7"
"USC00342849","2022","86","28","20.72","61.3"
"USC00080945","2014",,,"62.31","73.3"
"USC00080945","2015",,,"50.58","76.1"
"USC00080945","2016",,,"67.88","74.7"
"USC00080945","2017",,,"63.91","74.9"
"USC00080945","2018",,,"50.52","74.9"
"USC00080945","2019",,,"52.70","75.4"
"USC00080945","2020",,,"61.57","76.0"
"USC00080945","2021",,,"52.46","75.1"
"USC00080945","2022",,,"62.80","75.1"
"USC00200230","2014","71","27","39.14","47.4"
"USC00200230","2015","71","24","34.98","50.1"
"USC00200230","2016","75","28","36.56","52.4"
"USC00200230","2017","72","27","40.83","51.0"
"USC00200230","2018","74","25","42.21","49.2"
"USC00200230","2019","73","22","45.48","48.6"
"USC00200230","2020","71","27","38.35","50.2"
"USC00200230","2021","71","25","48.17","50.9"
"USC00200230","2022","71","24","32.93","49.1"
"USC00094429","2014",,,,
"USC00094429","2015","84","42","42.56","67.5"
"USC00094429","2016",,,,
"USC00094429","2017",,,,
"USC00129222","2014","72","14","45.18","45.6"
"USC00129222","2015","70","11","38.61","48.6"
"USC00129222","2016","79","9","42.37","51.0"
"USC00129222","2017","72","9","42.67",
"USC00129222","2018","75","13","41.53","48.9"
"USC00129222","2019","79","7","44.41","48.7"
"USC00129222","2020","74","20","38.74","50.4"
"USC00129222","2021","73","19","40.98","50.7"
"USC00129222","2022","74","3","31.80","48.8"
"USC00391579","2014",,,"27.57","44.8"
"USC00391579","2015",,,"30.58","48.2"
"USC00391579","2016",,,"32.06","48.9"
"USC00391579","2017","78","16","29.92","48.0"
"USC00391579","2018","78","18","36.80","45.1"
"USC00391579","2019","77","20","33.58","44.4"
"USC00391579","2020","75","22","14.55","47.4"
"USC00391579","2021",,,"24.16","48.7"
"USC00391579","2022",,,"14.83","46.8"
"USC00036253","2014",,,,
"USC00036253","2015",,,"65.21",
"USC00036253","2016",,,"56.59",
"USC00036253","2017","79","33","52.94","64.5"
"USC00036253","2018",,,"71.35","62.8"
"USC00036253","2019",,,,
"USC00036253","2020",,,,
"USC00036253","2021",,,,
"USC00036253","2022",,,,
"USC00013251","2014","95","34","68.77","64.0"
"USC00013251","2015","90","41","73.12",
"USC00013251","2016","96","32","63.63","66.3"
"USC00013251","2017","91","42","64.54","66.6"
"USC00013251","2018","91","28","78.44","66.5"
"USC00013251","2019","95","43","47.62","66.8"
"USC00013251","2020","94","37","78.85",
"USC00013251","2021","93","46","74.47","65.2"
"USC00013251","2022","97","43","54.70","65.2"
"USC00358746","2018",,,"15.18",
"USC00358746","2020",,,"15.89",
"USC00358746","2021",,,"12.83",
"USC00344236","2014","84","30",,"59.6"
"USC00344236","2015","87","31",,"61.4"
"USC00344236","2016",,,"31.76",
"USC00344236","2017",,,,"62.6"
"USC00344236","2018",,,"53.70",
"USC00344236","2019",,,"50.72","60.8"
"USC00344236","2020","86","36",,"61.3"
"USC00344236","2021",,,,"61.6"
"USC00344236","2022","90","29",,"62.1"
"USC00106844","2016",,,,
"USC00106844","2017",,,,
"USC00106844","2018",,,,
"USC00106844","2019",,,,
"USC00106844","2020","75","33","11.23","51.0"
"USC00106844","2021",,,,
"USC00106844","2022",,,,
"USC00319675","2014","78","33","41.63","55.3"
"USC00319675","2015",,,"45.98","57.6"
"USC00319675","2016",,,"37.07","57.8"
"USC00319675","2017",,,"47.52","57.6"
"USC00319675","2018",,,"64.90","57.2"
"USC00319675","2019",,,"47.02","58.0"
"USC00319675","2020",,,"71.89",
"USC00319675","2021",,,"43.62","57.1"
"USC00319675","2022",,,"55.80","56.4"
"USC00343145","2014","83","32",,"59.3"
"USC00343145","2015","86","32","75.92","61.3"
"USC00343145","2016","88","32","38.33","62.9"
"USC00343145","2017","84","35","45.71","62.3"
"USC00343145","2018","86","29","61.76","60.9"
"USC00343145","2019",,,"49.79","60.5"
"USC00343145","2020","84","34","44.38","61.3"
"USC00343145","2021",,,,"61.1"
"USC00343145","2022","86","27",,"61.7"
"USC00347507","2014","82","29",,"58.2"
"USC00347507","2015","84","29","46.56","59.8"
"USC00347507","2016",,,"26.37","61.5"
"USC00347507","2017",,,"36.76","61.1"
"USC00347507","2018","87","28","30.31","59.1"
"USC00347507","2019","85","32",,"58.8"
"USC00347507","2020",,,,
"USC00347507","2021","85","26",,"60.0"
"USC00347507","2022",,,,"59.9"
"USC00341083","2014","82","26",,"57.6"
"USC00341083","2015","86","29",,"59.8"
"USC00341083","2016","87","26",,"61.1"
"USC00341083","2017","85","27","32.31","60.6"
"USC00341083","2018","86","24",,"58.8"
"USC00341083","2019","83","27",,"58.6"
"USC00341083","2020","83","32",,"59.3"
"USC00341083","2021","83","23",,"59.6"
"USC00341083","2022",,,,"59.8"
"USC00488160","2016",,,"17.14",
"USC00488160","2017",,,,"44.8"
"USC00488160","2018",,,,"44.0"
"USC00488160","2019",,,"16.10",
"USC00488160","2021",,,,"46.4"
"USC00488160","2022",,,,"44.4"
"USC00341404","2014","84","29",,"57.5"
"USC00341404","2015","83","29",,"58.7"
"USC00341404","2016","84","25","29.19","59.8"
"USC00341404","2017",,,"33.17","59.3"
"USC00341404","2018","84","23","29.86","58.5"
"USC00341404","2019","84","31","30.77","57.5"
"USC00341404","2020","85","33",,"58.9"
"USC00341404","2021","82","25",,"58.9"
"USC00341404","2022","88","21","17.24","59.3"
"USC00340312","2014","80","34",,"61.6"
"USC00340312","2015","84","34","74.46","63.2"
"USC00340312","2016","86","34","32.93","64.9"
"USC00340312","2017","83","35","34.93","64.5"
"USC00340312","2018","83","32","56.56","62.8"
"USC00340312","2019","82","34","43.19","62.3"
"USC00340312","2020","81","36","43.09",
"USC00340312","2021","81","33",,"63.0"
"USC00340312","2022","85","33",,"63.6"
"USC00340313","2014",,,,
"USC00340313","2015","87","35","78.13",
"USC00340313","2016","90","34","37.38",
"USC00340313","2017","87","35","30.20","64.5"
"USC00340313","2018",,,"55.62","62.9"
"USC00340313","2019",,,"50.13","62.6"
"USC00340313","2020","86","37","41.67","63.2"
"USC00340313","2021",,,,"63.1"
"USC00340313","2022",,,,"63.6"
"USC00341644","2014","83","32",,"59.7"
"USC00341644","2015","86","33","79.29","61.8"
"USC00341644","2016","87","32","42.03","63.3"
"USC00341644","2017","85","35",,"62.8"
"USC00341644","2018","86","29","61.02","61.5"
"USC00341644","2019",,,"51.57","61.4"
"USC00341644","2020",,,"54.53","61.9"
"USC00341644","2021",,,,"61.9"
"USC00341644","2022","88","31",,"62.5"
"USC00343820","2014","84","32",,"59.4"
"USC00343820","2015",,,,"61.2"
"USC00343820","2016","88","30","31.41","62.9"
"USC00343820","2017","89","33",,"62.3"
"USC00343820","2018","87","29","36.11","60.2"
"USC00343820","2019","87","31",,"60.0"
"USC00343820","2020","85","34",,"60.9"
"USC00343820","2021","85","28",,"61.3"
"USC00343820","2022",,,,"61.5"
"USC00010655","2014","82","33","53.71","58.0"
"USC00010655","2015","83","34","65.82","60.3"
"USC00010655","2016","84","29","38.27","61.8"
"USC00010655","2017","85","36","55.97","61.2"
"USC00010655","2018","83","34","61.99","60.2"
"USC00010655","2019","83","37","67.43","61.2"
"USC00010655","2020","84","36","67.73","60.6"
"USC00010655","2021","84","35","67.00","60.2"
"USC00010655","2022","84","36","53.37","60.2"
"USC00349130","2014",,,,"61.1"
"USC00349130","2015","86","33","46.38","62.4"
"USC00349130","2016","88","34","35.82","64.0"
"USC00349130","2017","87","34",,"63.4"
"USC00349130","2018","87","32","49.08","62.1"
"USC00349130","2019",,,"39.39","61.7"
"USC00349130","2020","87","36",,"62.7"
"USC00349130","2021","85","31",,"62.4"
"USC00349130","2022","89","31",,"63.0"
"USC00143527","2014","81","15","25.30","53.0"
"USC00143527","2015","82","20","19.66","56.0"
"USC00143527","2016","83","12","26.75","56.0"
"USC00143527","2017","94","18","28.12","55.3"
"USC00143527","2018","82","23","37.56","53.1"
"USC00143527","2019","82","33","30.96","52.4"
"USC00143527","2020","81","28","22.14","54.3"
"USC00143527","2021","82","28","26.50","54.8"
"USC00143527","2022","84","32","16.34","54.0"
"USC00349370","2014","83","31",,"58.6"
"USC00349370","2015","84","31",,"60.2"
"USC00349370","2016","85","29",,"61.6"
"USC00349370","2017","85","29",,"60.9"
"USC00349370","2018","85","26","37.13","59.7"
"USC00349370","2019","85","32",,"59.3"
"USC00349370","2020","84","34",,"60.0"
"USC00349370","2021","82","27",,"60.5"
"USC00349370","2022","88","28","22.46","61.1"
"USW00013968","2014",,,"29.63","59.6"
"USW00013968","2015",,,"61.80","61.8"
"USW00013968","2016",,,"28.20","63.9"
"USW00013968","2017",,,"46.04","63.0"
"USW00013968","2018",,,"34.11","61.2"
"USW00013968","2019",,,"59.59","60.9"
"USW00013968","2020",,,"47.41","61.7"
"USW00013968","2021",,,"37.47","62.2"
"USW00013968","2022",,,"33.64","61.9"
"USC00248783","2014",,,"14.94","46.4"
"USC00248783","2016",,,"10.41","47.3"
"USC00343707","2014","86","35",,"62.3"
"USC00343707","2015",,,"49.36","63.2"
"USC00343707","2016","86","35","38.56","64.5"
"USC00343707","2018","88","29","29.12",
"USC00343707","2019",,,"26.64",
"USC00343707","2020","87","37","40.11","63.1"
"USC00343707","2021",,,,"63.2"
"USC00343707","2022","88","33",,"64.0"
"USW00013967","2014",,,"28.39","60.6"
"USW00013967","2015",,,"55.07","61.8"
"USW00013967","2016",,,"26.33","63.1"
"USW00013967","2017",,,"33.67","62.0"
"USW00013967","2018",,,"45.85","59.9"
"USW00013967","2019",,,"45.35","59.6"
"USW00013967","2020",,,"38.57","60.4"
"USW00013967","2021",,,"31.62","60.6"
"USW00013967","2022",,,"26.30","61.0"
"USC00290245","2014",,,"8.92","51.0"
"USC00290245","2015",,,"17.59","51.2"
"USC00290245","2016","72","27","12.14","51.0"
"USC00290245","2017",,,"9.81","52.2"
"USC00290245","2018",,,"7.98","51.4"
"USC00290245","2019",,,"11.59","49.8"
"USC00290245","2020",,,,
"USC00290245","2021",,,"7.85",
"USC00290245","2022",,,"12.74","51.0"
"USC00095863","2014",,,"53.37","63.4"
"USC00095863","2015",,,,
"USC00095863","2016",,,"47.94","65.7"
"USC00095863","2017",,,"41.46","65.9"
"USC00095863","2018",,,"47.61","64.9"
"USC00095863","2019",,,"40.28","66.1"
"USC00095863","2020",,,"50.99","65.9"
"USC00095863","2021",,,,
"USC00405681","2014",,,,
"USC00405681","2015",,,,
"USC00405681","2016",,,"44.21",
"USC00405681","2017",,,,
"USC00405681","2018",,,"61.57",
"USC00405681","2019",,,,
"USC00405681","2020",,,"61.84",
"USC00405681","2021",,,,"59.2"
"USC00405681","2022",,,,
"USC00343277","2014",,,,
"USC00343277","2015","87","29","45.95","61.1"
"USC00343277","2016","87","32",,
"USC00343277","2017","87","29",,"61.6"
"USC00343277","2018","87","26","31.64",
"USC00343277","2019","88","33","38.02",
"USC00343277","2020","86","34",,"60.7"
"USC00343277","2021","84","27",,"60.5"
"USC00343277","2022","89","28",,
"USC00215638","2014","71","16","27.15","39.4"
"USC00215638","2015","72","8","27.94","44.5"
"USC00215638","2016","72","13","27.71","45.2"
"USC00215638","2017","71","11","29.07","43.9"
"USC00215638","2018","71","2","29.63","41.2"
"USC00215638","2019","73","17","34.99","39.4"
"USC00215638","2020",,,"17.07","43.2"
"USC00215638","2021",,,"25.70","45.3"
"USC00215638","2022",,,"22.11","41.8"
"USC00129113","2014","79","16","45.95","52.7"
"USC00129113","2015","79","20","49.03","55.7"
"USC00129113","2016","83","22","45.23","57.4"
"USC00129113","2017","80","21","38.10",
"USC00129113","2018","80","12","52.66","55.8"
"USC00129113","2019","80","24","60.39","55.8"
"USC00129113","2020","87","28","51.49","56.0"
"USC00129113","2021","86","27","46.55","56.2"
"USC00129113","2022","81","23","51.18","55.0"
"USC00185934","2014","78","28","50.18","51.6"
"USC00185934","2015","79","30","47.26","54.1"
"USC00185934","2016","79","30","46.82","54.8"
"USC00185934","2017","79","31","39.56","54.9"
"USC00185934","2018","81","29","79.38","54.0"
"USC00185934","2019","79","28","48.19","54.5"
"USC00185934","2020","80","32","46.32","55.4"
"USC00185934","2021","78","32","41.98","55.0"
"USC00185934","2022","79","26","46.24","53.9"
"USC00195984","2014",,,"50.85","48.2"
"USC00195984","2015",,,"39.36","48.6"
"USC00195984","2016",,,"37.98","50.8"
"USC00195984","2017","74","24","50.39","50.1"
"USC00195984","2018",,,"72.30","50.0"
"USC00195984","2019","75","12","58.81","49.1"
"USC00195984","2020",,,"49.93","51.4"
"USC00195984","2021",,,"57.26","51.1"
"USC00195984","2022",,,"47.94","50.7"
"USC00119354","2014",,,"36.63","49.4"
"USC00119354","2015",,,"41.76","52.7"
"USC00119354","2016",,,"35.59","54.4"
"USC00119354","2017",,,"36.09","54.6"
"USC00119354","2018",,,"44.42","52.6"
"USC00119354","2019",,,"48.64","52.4"
"USC00119354","2020",,,"51.92","53.2"
"USC00119354","2021",,,"50.99",
"USC00119354","2022",,,"37.47","52.0"
"USW00003816","2014",,,"46.84","56.9"
"USW00003816","2015",,,"59.21","58.7"
"USW00003816","2016",,,"52.52","60.3"
"USW00003816","2017",,,"46.44","60.3"
"USW00003816","2018",,,"60.65","59.1"
"USW00003816","2019",,,"70.30","59.1"
"USW00003816","2020",,,"58.31","59.3"
"USW00003816","2021",,,"49.40","59.5"
"USW00003816","2022",,,"45.12","58.7"
"USC00340684","2014","83","29",,"59.7"
"USC00340684","2016","85","28",,"62.4"
"USC00340684","2017","85","30","33.70","61.5"
"USC00340684","2018",,,"36.78","60.6"
"USC00340684","2019","85","32","37.34","59.9"
"USC00340684","2020","84","34",,"60.9"
"USC00340684","2021","81","19",,"61.0"
"USC00340684","2022","87","26","23.17",
"USC00214546","2014","73","28","27.79","42.2"
"USC00214546","2015","74","7","30.77","46.6"
"USC00214546","2016","77","23","37.81","47.5"
"USC00214546","2017","75","19","30.11","46.3"
"USC00214546","2018","73","19","38.50","42.9"
"USC00214546","2019",,,"39.86","42.0"
"USC00214546","2020","76","29","26.67","45.7"
"USC00214546","2021","78","29","24.05","46.8"
"USC00214546","2022","77","22","20.17","43.6"
"USC00235207","2014",,,,
"USC00235207","2015",,,"63.55",
"USC00235207","2016",,,"44.82",
"USC00235207","2017",,,"36.59",
"USC00235207","2018",,,,
"USC00235207","2019",,,"74.28",
"USC00235207","2020",,,,
"USC00235207","2021",,,,
"USC00235207","2022",,,,
"USC00220660","2014","90","36","54.64","61.2"
"USC00220660","2016",,,"39.78",
"USC00220660","2017",,,,
"USC00220660","2018",,,,
"USC00220660","2020",,,,
"USC00220660","2022",,,,
"USC00116753","2014",,,,"46.1"
"USC00116753","2015",,,,"49.7"
"USC00116753","2016",,,,"51.7"
"USC00116753","2018",,,,"49.2"
"USC00116753","2019",,,,"48.9"
"USC00116753","2020",,,,"51.0"
"USC00116753","2021",,,,"51.0"
"USC00116753","2022",,,,"48.9"
"USC00298535","2014","91","31","8.27","63.9"
"USC00298535","2015","91","36","12.61","63.8"
"USC00298535","2016","92","37","8.48","64.5"
"USC00298535","2017","90","39","11.65","65.2"
"USC00298535","2018","90","37","9.36","64.5"
"USC00298535","2019","90","37","8.68","63.4"
"USC00298535","2020","91","34","7.00","64.6"
"USC00298535","2021","92","33","6.44","63.9"
"USC00298535","2022","91","34","8.83","63.3"
"USC00169804","2014",,,,
"USC00169804","2015",,,"65.17",
"USC00169804","2016",,,"57.52",
"USC00169804","2017",,,,
"USC00169804","2022",,,,
"USC00303184","2014",,,"34.65","45.8"
"USC00303184","2015",,,"37.78","46.4"
"USC00303184","2016",,,"29.87","49.0"
"USC00303184","2017",,,"43.56","48.1"
"USC00303184","2018",,,"37.29","47.4"
"USC00303184","2019",,,"38.96","46.3"
"USC00303184","2020",,,"29.14","48.8"
"USC00303184","2021",,,"39.41","49.1"
"USC00303184","2022",,,"30.71","47.7"
"USC00169806","2014","81","32","57.84","63.1"
"USC00169806","2016","85","38","50.37","67.8"
"USC00169806","2017",,,"45.53",
"USC00169806","2022","82","34","62.35","65.8"
"USW00003822","2014",,,"50.58","67.5"
"USW00003822","2015",,,"47.65","68.7"
"USW00003822","2016",,,"55.46","69.1"
"USW00003822","2017",,,"53.24","69.7"
"USW00003822","2018",,,"43.05","68.6"
"USW00003822","2019",,,"51.38","69.8"
"USW00003822","2020",,,"50.34","70.4"
"USW00003822","2021",,,"49.07","67.5"
"USW00003822","2022",,,"36.90","67.7"
"USC00344250","2014","84","34",,"60.7"
"USC00344250","2015",,,,"62.0"
"USC00344250","2016","88","34",,"63.0"
"USC00344250","2017","86","34",,"62.4"
"USC00344250","2018",,,"23.91","62.2"
"USC00344250","2019","86","33","24.20","61.3"
"USC00344250","2020","86","36","16.93","62.3"
"USC00344250","2021","83","33",,"62.0"
"USC00344250","2022","88","31","15.50","63.0"
"USW00024089","2014",,,"12.15","44.9"
"USW00024089","2015",,,"13.31","47.2"
"USW00024089","2016",,,"15.59","46.7"
"USW00024089","2017",,,"14.12","46.2"
"USW00024089","2018",,,"13.13","45.5"
"USW00024089","2019",,,"14.52","43.6"
"USW00024089","2020",,,"5.82","45.7"
"USW00024089","2021",,,"14.55","46.3"
"USW00024089","2022",,,"13.39","44.5"
"USC00200135","2014",,,,
"USC00343048","2014","86","32",,
"USC00343048","2015",,,,"60.5"
"USC00343048","2016","88","29",,"61.8"
"USC00343048","2017","87","30","31.14","61.1"
"USC00343048","2018","87","28","28.50","60.0"
"USC00343048","2019","86","31",,"59.4"
"USC00343048","2020",,,,"60.2"
"USC00343048","2021","85","25",,"60.7"
"USC00343048","2022",,,"22.09","60.9"
"USC00344130","2014","84","28",,"58.6"
"USC00344130","2015","84","26",,"60.1"
"USC00344130","2016","86","29",,"61.6"
"USC00344130","2017",,,,"60.9"
"USC00344130","2018","87","23","26.69","59.8"
"USC00344130","2019","86","31",,"59.2"
"USC00344130","2020","85","33",,"60.0"
"USC00344130","2021","82","19",,"60.1"
"USC00344130","2022","87","27",,"60.5"
"USC00340338","2014","83","29",,"57.8"
"USC00340338","2015","82","27",,"59.3"
"USC00340338","2016","82","25","20.99","60.4"
"USC00340338","2017","85","28","24.68","59.5"
"USC00340338","2018","83","25",,"58.6"
"USC00340338","2019","83","31","26.11","57.7"
"USC00340338","2020","83","33",,"59.1"
"USC00340338","2021","82","28",,"59.3"
"USC00340338","2022","86","23","17.43","59.4"
"USC00347640","2014",,,,"61.7"
"USC00347640","2015","87","33","64.27","62.9"
"USC00347640","2016","89","30","35.02","64.5"
"USC00347640","2017","88","32","37.28","64.1"
"USC00347640","2018","89","31","47.70","63.1"
"USC00347640","2019",,,"30.78","62.5"
"USC00347640","2020","86","36","32.70","63.4"
"USC00347640","2021",,,,"63.2"
"USC00347640","2022",,,,"63.8"
"USC00032444","2021",,,,
"USC00032444","2022",,,,
"USW00003951","2014","88","34","38.59","63.5"
"USW00003951","2015","93","34","70.72","65.5"
"USW00003951","2016","91","36","57.41","67.0"
"USW00003951","2017","89","35","51.29","67.1"
"USW00003951","2018","94","30","64.65",
"USW00003951","2019",,,"49.08",
"USW00003951","2020",,,"61.52",
"USW00003951","2022",,,"41.21",
"USC00417677","2014",,,,
"USC00417677","2016",,,,
"USC00417677","2017",,,"28.91",
"USC00417677","2018",,,"38.17",
"USC00417677","2019",,,"25.46",
"USC00417677","2020",,,"27.15",
"USC00417677","2021",,,"39.83",
"USC00417677","2022",,,"21.90",
"USC00413992","2016",,,,
"USC00413992","2017",,,,
"USC00413992","2018",,,"41.85",
"USC00413992","2019",,,"26.33","62.6"
"USC00413992","2020",,,"28.87",
"USC00413992","2021",,,"25.17","63.0"
"USC00413992","2022",,,"16.48","64.9"
"USC00274234","2014","75","30","45.38","46.6"
"USC00274234","2015",,,"39.21","47.2"
"USC00274234","2016","77","29","33.24","49.5"
"USC00274234","2017","73","30","46.84","48.6"
"USC00274234","2018","77","28","57.54","48.4"
"USC00274234","2019","77","27","52.65","47.5"
"USC00274234","2020","76","32","43.42","49.8"
"USC00274234","2021","77","30","55.37","49.9"
"USC00274234","2022","77","22","39.85","49.7"
"USC00167738","2014","85","41","37.50","63.9"
"USC00167738","2015","87","49","65.33","66.4"
"USC00167738","2016","88","31","63.48","67.7"
"USC00167738","2017","86","55","43.48","67.5"
"USC00167738","2018","89","52","67.16","66.1"
"USC00167738","2019","86","52","44.95","68.2"
"USC00167738","2020","86","43","61.55",
"USC00167738","2021","85","50","53.56",
"USC00167738","2022",,,"47.01","65.8"
"USC00345590","2014","83","29",,"58.4"
"USC00345590","2015","86","29","42.63","60.2"
"USC00345590","2016","87","27",,"61.6"
"USC00345590","2017","87","30","35.96","61.2"
"USC00345590","2018","87","28","33.14","59.3"
"USC00345590","2019","84","29",,"59.2"
"USC00345590","2020","84","33",,"59.8"
"USC00345590","2021",,,,"60.0"
"USC00345590","2022",,,,"60.4"
"USC00036920","2014",,,"46.41","60.7"
"USC00036920","2015",,,"51.73","63.5"
"USC00036920","2016",,,"54.92","65.0"
"USC00036920","2017",,,,
"USC00036920","2018",,,"58.34","63.1"
"USC00036920","2019",,,"61.15","63.4"
"USC00036920","2020",,,"65.83","63.6"
"USC00036920","2021",,,,"63.3"
"USC00036920","2022",,,,"63.3"
"USC00381770","2014",,,"48.59","60.5"
"USC00381770","2015",,,"67.24","62.6"
"USC00381770","2016",,,"31.70","63.7"
"USC00381770","2017",,,"50.24","63.2"
"USC00381770","2018",,,"69.69","62.3"
"USC00381770","2019",,,"50.26","63.3"
"USC00381770","2020",,,"68.74","62.6"
"USC00381770","2021",,,"50.80","61.4"
"USC00381770","2022",,,"50.86","60.7"
"USC00115772","2014","77","13","41.48","46.1"
"USC00115772","2015","80","25",,"50.6"
"USC00115772","2016","81","18","37.14","52.6"
"USC00115772","2017","83","23","29.99","51.8"
"USC00115772","2018","85","24",,"49.4"
"USC00115772","2019","89","19","47.24","49.1"
"USC00115772","2020","85","25","33.80","50.7"
"USC00115772","2021","84","30","41.12","51.3"
"USC00115772","2022","82","20","29.58","49.4"
"USC00295150","2014","83","28","9.50","56.9"
"USC00295150","2015",,,,
"USC00295150","2017","85","29","10.43","57.2"
"USC00295150","2018","86","28","7.52","55.8"
"USC00295150","2019","84","28","9.13","55.7"
"USC00295150","2020","86","28","6.25","57.1"
"USC00295150","2021","86","28","6.39","56.4"
"USC00295150","2022","87","28","9.13","55.4"
"USC00106152","2014","74","32","27.23","48.4"
"USC00106152","2015","75","32","28.20","50.7"
"USC00106152","2016","69","33","30.95","48.6"
"USC00106152","2017","73","33","33.95","46.8"
"USC00106152","2018","74","32","26.82","47.0"
"USC00106152","2019","74","33","23.29","45.0"
"USC00106152","2020","71","24","28.92","47.1"
"USC00106152","2021","76","33","23.33","48.6"
"USC00106152","2022","70","32","33.48","47.1"
"USC00236791","2014","87","37","40.44",
"USC00236791","2015",,,,
"USC00236791","2016","86","35","55.94","60.4"
"USC00236791","2017",,,,
"USC00236791","2018",,,,
"USC00236791","2020",,,,
"USC00236791","2021",,,"66.17",
"USC00236791","2022",,,"55.95",
"USW00013880","2014",,,"53.02","66.9"
"USW00013880","2015",,,"74.89","67.8"
"USW00013880","2016",,,"59.67","68.4"
"USW00013880","2017",,,"52.90","68.2"
"USW00013880","2018","83","40","57.71","67.9"
"USW00013880","2019","83","44","49.47","68.0"
"USW00013880","2020","83","44","53.75","68.1"
"USW00013880","2021","82","45","58.75","66.5"
"USW00013880","2022","83","41","50.17","67.1"
"USC00098703","2014",,,"54.28","64.1"
"USC00098703","2015",,,"44.93","66.7"
"USC00098703","2016",,,"45.38","66.5"
"USC00098703","2017",,,"46.83","67.5"
"USC00098703","2018",,,,
"USC00098703","2021",,,"66.85","65.6"
"USC00098703","2022",,,,
"USC00153762","2014",,,"40.14","54.5"
"USC00153762","2015",,,"55.44","57.1"
"USC00153762","2016",,,"51.02","58.8"
"USC00153762","2017",,,"36.56","58.8"
"USC00153762","2018",,,"56.36","57.3"
"USC00153762","2019",,,"57.59","57.5"
"USC00153762","2020",,,"56.16",
"USC00153762","2021",,,"37.17","57.6"
"USC00153762","2022",,,"45.86","56.4"
"USC00403447","2014",,,"61.56","59.4"
"USC00403447","2015","83","35","50.51","62.6"
"USC00403447","2016","84","33","58.68","64.3"
"USC00403447","2017","81","40","49.91","63.8"
"USC00403447","2018",,,"66.19","62.6"
"USC00403447","2019",,,"74.27","63.1"
"USC00403447","2020","81","38","51.00","62.8"
"USC00403447","2021","83","35","54.80","61.6"
"USC00403447","2022",,,,
"USC00286055","2014","85","30","50.91","52.1"
"USC00286055","2015","79","30","39.54","54.2"
"USC00286055","2016","82","25","38.80","55.5"
"USC00286055","2017","78","32","51.37","54.8"
"USC00286055","2018","77","31","65.25","54.2"
"USC00286055","2019","82","27","56.43","54.4"
"USC00286055","2020","81","33","55.15","55.8"
"USC00286055","2021","80","31","51.91","55.5"
"USC00286055","2022","82","30","49.70","54.9"
"USC00345474","2014","84","32",,"61.4"
"USC00345474","2015","88","34","76.25","63.4"
"USC00345474","2016","88","33","36.96","64.7"
"USC00345474","2017","86","34","31.91","64.4"
"USC00345474","2018","88","31","45.63","62.8"
"USC00345474","2019","85","34","49.57","62.4"
"USC00345474","2020",,,"47.19","63.2"
"USC00345474","2021","86","32",,"63.1"
"USC00345474","2022","88","31",,"63.5"
"USC00355160","2021",,,"8.24",
"USC00085879","2014",,,"67.81","66.5"
"USC00085879","2015",,,"46.80","69.4"
"USC00085879","2016",,,"68.48","68.8"
"USC00085879","2017",,,,
"USC00293142","2014","83","23","6.12","53.9"
"USC00293142","2015",,,,
"USC00293142","2016","85","22","8.13",
"USC00293142","2017","83","29","9.21","54.9"
"USC00293142","2018","89","23","4.97","54.8"
"USC00293142","2019","87","23","8.06",
"USC00293142","2020","82","22","3.93","52.4"
"USC00293142","2021","87","23","6.02","53.2"
"USC00293142","2022","84","23","9.14","55.3"
"USC00349282","2014","84","32",,"61.8"
"USC00349282","2015","84","32","42.01",
"USC00349282","2016","86","30","34.93",
"USC00349282","2017","86","30","38.65","63.5"
"USC00349282","2018","84","25","36.65","62.5"
"USC00349282","2019","85","33","31.37","62.0"
"USC00349282","2020","83","35","41.73","62.7"
"USC00349282","2021",,,,"62.3"
"USC00349282","2022","87","26",,"63.2"
"USW00014607","2014","73","29","46.33","40.2"
"USW00014607","2015","75","29","36.19","40.1"
"USW00014607","2016",,,"44.00","42.0"
"USW00014607","2017",,,"43.06","41.5"
"USW00014607","2018",,,"41.06","40.8"
"USW00014607","2019",,,"41.59","39.7"
"USW00014607","2020",,,"35.85","42.6"
"USW00014607","2021",,,"37.06","43.5"
"USW00014607","2022",,,"45.25","41.8"
"USC00298713","2014","86","33","17.58","58.1"
"USC00298713","2015","84","33","24.31","58.2"
"USC00298713","2016",,,,
"USC00298713","2018",,,"11.48",
"USC00298713","2019",,,"16.36",
"USC00298713","2020",,,"5.61",
"USC00142980","2014","77","28","23.30","53.5"
"USC00142980","2015","76","34","23.38","55.9"
"USC00142980","2016","76","35","17.73","56.1"
"USC00142980","2017","77","35","20.37","55.8"
"USC00142980","2018","81","34","25.33","54.2"
"USC00142980","2019","77","36","17.49","53.3"
"USC00142980","2020","79","36","15.07","55.4"
"USC00142980","2021","80","35","16.34","55.6"
"USC00142980","2022","81","32","9.46","54.2"
"USC00368361","2014",,,"50.70","44.9"
"USC00368361","2015",,,"43.54","46.6"
"USC00368361","2016",,,"44.90","49.0"
"USC00368361","2017",,,"47.29","48.9"
"USC00368361","2018",,,"54.65","47.7"
"USC00368361","2019",,,"51.04","47.7"
"USC00368361","2020","77","32","46.73","49.0"
"USC00368361","2021",,,"45.56","49.7"
"USC00368361","2022",,,"49.41","48.2"
"USC00201486","2014","68","31","41.37","37.4"
"USC00201486","2015","70","30","33.69","41.4"
"USC00201486","2016","72","29","41.24","43.7"
"USC00201486","2017","70","29","47.70","41.8"
"USC00201486","2018","71","28","39.61","40.7"
"USC00201486","2019","71","30","42.33","39.7"
"USC00201486","2020","73","29","40.20","42.2"
"USC00201486","2021","74","30","30.04","43.8"
"USC00201486","2022","70","25","38.55","40.6"
"USC00226308","2014",,,"61.98","61.8"
"USC00226308","2015",,,"63.31",
"USC00226308","2016",,,"50.94","65.7"
"USC00226308","2017",,,"60.01","66.0"
"USC00226308","2018",,,,
"USC00226308","2022",,,"59.97","64.1"
"USC00338810","2014",,,,
"USC00338810","2015",,,"49.71","52.9"
"USC00338810","2016",,,"36.09",
"USC00338810","2017",,,"45.22","53.9"
"USC00338810","2018",,,,
"USC00338810","2019",,,,
"USC00338810","2020","85","33","49.30","54.2"
"USC00338810","2021",,,,
"USC00348879","2014","87","32",,"61.7"
"USC00348879","2015","86","33","38.37","63.0"
"USC00348879","2016","87","33","33.82","63.9"
"USC00348879","2017","87","32","31.08","63.5"
"USC00348879","2018",,,"24.40","62.9"
"USC00348879","2019","88","33","26.66","62.1"
"USC00348879","2020","87","35","30.02","62.6"
"USC00348879","2021","85","31",,"62.4"
"USC00348879","2022","92","31",,"63.3"
"USC00456789","2014",,,"20.89","49.4"
"USC00456789","2015",,,"19.33","51.3"
"USC00456789","2016",,,"21.78","49.7"
"USC00456789","2017",,,"25.65","48.1"
"USC00456789","2018",,,"19.78",
"USC00456789","2019",,,"17.83","47.2"
"USC00456789","2020",,,"22.48","49.1"
"USC00456789","2021",,,"17.54","49.9"
"USC00456789","2022",,,"25.58","47.9"
"USC00419361","2014",,,"29.62",
"USC00419361","2015",,,"51.42",
"USC00419361","2016",,,,
"USC00419361","2017","92","60","45.52","72.4"
"USC00419361","2018",,,"35.13",
"USC00419361","2019",,,"23.93",
"USC00419361","2020",,,"30.13","71.8"
"USC00419361","2021",,,,
"USC00417183","2014",,,"30.54","70.3"
"USC00417183","2015",,,,
"USC00126830","2014","77","14","42.21","49.2"
"USC00126830","2015","78","21","44.74","52.7"
"USC00126830","2016","80","28","43.28","54.9"
"USC00126830","2017","80","29","36.31","54.5"
"USC00126830","2018","81","30","42.78","52.1"
"USC00126830","2019","83","16","38.28","51.7"
"USC00126830","2020","83","30","37.04","52.8"
"USC00126830","2021","83","23","44.31","53.3"
"USC00126830","2022","81","25","33.35",
"USC00343628","2015","81","28","29.06","56.3"
"USC00343628","2016","83","23","15.93","56.9"
"USC00343628","2017",,,"17.93",
"USC00343628","2018","78","22","23.17","55.6"
"USC00343628","2019","89","27","19.74","54.8"
"USC00343628","2020",,,"17.97",
"USC00343628","2021","80","26","14.68","57.5"
"USC00386114","2014","80","24","56.01","61.3"
"USC00386114","2015","81","25","60.77","63.5"
"USC00386114","2016","82","27","70.88","63.0"
"USC00386114","2017","78","25","53.21","63.1"
"USC00386114","2018","77","19","62.55","62.5"
"USC00386114","2019","77","29","49.75","63.1"
"USC00386114","2020","78","28","79.17","62.9"
"USC00386114","2021","76","30","49.30","62.0"
"USC00386114","2022","78","26","51.03","62.0"
"USC00346332","2015","86","33","54.44",
"USC00346332","2016","87","32","27.84",
"USW00014743","2014",,,,
"USW00003969","2014",,,"16.19","62.7"
"USW00003969","2015",,,"44.86","63.9"
"USW00003969","2016",,,"25.06","65.9"
"USW00003969","2017",,,"24.00","67.0"
"USW00003969","2018",,,"30.95","66.2"
"USW00003969","2019",,,"22.65","66.6"
"USW00003969","2020",,,"25.47","67.6"
"USW00003969","2021",,,"23.33","66.7"
"USW00003969","2022",,,"8.92","67.7"
"USC00103932","2014",,,"12.87","51.8"
"USC00103932","2015",,,"7.82","53.0"
"USC00103932","2016",,,"10.11","52.4"
"USC00103932","2017",,,"8.96","50.8"
"USC00103932","2018",,,,
"USC00156580","2014","77","32","42.42","56.1"
"USC00156580","2015",,,"56.54","58.5"
"USC00156580","2019",,,"52.94","58.2"
"USC00341685","2014","82","31",,"59.2"
"USC00341685","2015","82","32","48.65","61.0"
"USC00341685","2016","82","24","32.95","62.7"
"USC00341685","2017",,,,"62.1"
"USC00341685","2018",,,"46.12","60.1"
"USC00341685","2019","83","31","56.78","60.2"
"USC00341685","2021","82","30",,"61.2"
"USC00341685","2022",,,,"61.4"
"USC00344950","2014",,,"17.49",
"USC00344950","2015",,,"35.70",
"USC00344950","2016",,,"28.00",
"USC00344950","2017",,,"33.14",
"USC00344950","2018",,,"35.02",
"USC00344950","2019",,,"45.33",
"USC00344950","2020",,,"29.25",
"USC00344950","2021",,,"27.81",
"USC00344950","2022",,,"21.24",
"USC00344951","2014",,,,"58.2"
"USC00344951","2015","86","32",,"59.9"
"USC00344951","2016","87","30",,"61.1"
"USC00344951","2017","86","32","33.44","60.4"
"USC00344951","2018","85","28",,"58.9"
"USC00344951","2019",,,"41.58","58.3"
"USC00344951","2020","83","34",,"59.2"
"USC00344951","2021","83","26",,"59.5"
"USC00344951","2022","87","27","19.78","59.9"
"USC00487388","2014",,,"6.80","43.0"
"USC00487388","2015",,,"5.26","46.5"
"USC00487388","2016",,,"6.64","47.0"
"USC00487388","2017",,,"7.37","44.5"
"USC00487388","2018",,,"6.92","42.0"
"USC00487388","2019",,,"10.06","40.4"
"USC00487388","2020",,,"4.70","43.9"
"USC00487388","2021",,,"3.84","45.3"
"USC00487388","2022",,,"7.77",
"USC00118740","2014",,,"45.42","49.2"
"USC00118740","2015",,,"50.20","52.4"
"USC00118740","2016",,,"40.36",
"USC00118740","2017",,,"34.80","54.3"
"USC00118740","2018",,,"46.03","52.3"
"USC00118740","2019",,,"42.31","52.0"
"USC00118740","2020",,,"42.13",
"USC00118740","2021",,,"44.70","53.5"
"USC00118740","2022",,,"35.00","51.7"
"USC00129670","2015","78","31","43.53","49.9"
"USC00129670","2016",,,"42.34","52.1"
"USC00129670","2017","79","29","45.65","51.8"
"USC00129670","2018",,,"38.63","50.2"
"USC00129670","2019",,,"44.57","49.7"
"USC00129670","2020",,,"30.76","50.8"
"USC00129670","2021","75","29","42.54","51.1"
"USC00129670","2022",,,"33.23","48.4"
"USC00461579","2014","75","20","45.82","52.6"
"USC00461579","2015","77","31","50.39","55.0"
"USC00461579","2016","78","34","48.13","56.0"
"USC00461579","2017","75","37","47.22","55.8"
"USC00461579","2018",,,,
"USC00461579","2019",,,"48.70","55.9"
"USC00461579","2020","78","36","53.71","55.4"
"USC00461579","2021","75","34","43.96","55.0"
"USC00461579","2022","74","30","49.61","54.2"
"USC00129430","2014","75","16","47.99","47.5"
"USC00129430","2015","75","10","45.48","50.9"
"USC00129430","2016","81","17","36.49","52.6"
"USC00129430","2017","77","21","47.60","52.3"
"USC00129430","2018","82","16","41.64","50.6"
"USC00129430","2019","81","2","36.39","50.3"
"USC00129430","2020","80","22","32.88","51.4"
"USC00129430","2021",,,,"52.5"
"USC00129430","2022",,,,"51.0"
"USC00339219","2014","75","25","41.50","49.5"
"USC00339219","2015","76","27","46.65","52.2"
"USC00339219","2016","80","28","37.58","53.8"
"USC00339219","2017","76","31","49.37","53.3"
"USC00339219","2018","79","29","51.64",
"USC00339219","2019",,,,
"USC00150397","2014","83","31","42.82","54.9"
"USC00150397","2015","83","30","59.32","57.1"
"USC00150397","2016","86","30","49.88","58.4"
"USC00150397","2017",,,,
"USC00150397","2018","88","28","66.31","57.0"
"USC00150397","2019",,,,
"USC00150397","2020","86","35","54.21","57.5"
"USC00150397","2021","87","31","59.11","57.3"
"USC00150397","2022",,,,
"USC00406977","2015",,,"50.22",
"USC00406977","2016",,,,
"USC00406977","2017",,,,
"USC00257830","2014",,,"17.77",
"USC00257830","2015",,,"24.24","50.9"
"USC00257830","2016",,,"17.16","50.7"
"USC00257830","2017",,,"17.27","50.3"
"USC00257830","2018",,,"21.43","48.6"
"USC00257830","2019",,,"27.19","47.4"
"USC00257830","2020",,,"10.52",
"USC00257830","2021",,,"15.73",
"USC00257830","2022",,,"11.36","50.9"
"USC00108137","2014",,,,
"USC00108137","2018",,,"25.14",
"USC00108137","2022",,,,"45.4"
"USC00158555","2014","81","32","47.35","55.3"
"USC00158555","2015","82","33","60.23","58.2"
"USC00158555","2016","82","36","53.94","60.0"
"USC00158555","2017","83","38","46.90","60.0"
"USC00158555","2018",,,"60.43","58.5"
"USC00158555","2019",,,"67.77","58.5"
"USC00158555","2020",,,"59.31","58.6"
"USC00158555","2021",,,"49.57","58.7"
"USC00158555","2022",,,"46.61","57.8"
"USC00222094","2014",,,"55.16",
"USC00222094","2015",,,"61.74",
"USC00222094","2016",,,"52.89",
"USC00222094","2017",,,"51.37",
"USC00411880","2014","85","51","23.38","68.4"
"USC00411880","2015","85","48","34.98","69.4"
"USC00411880","2016",,,"36.26","71.0"
"USC00411880","2017","86","54","42.19","71.4"
"USC00411880","2018","85","52","45.36","69.6"
"USC00411880","2019","84","57","26.29","70.0"
"USC00411880","2020",,,"26.99","71.4"
"USC00411880","2021",,,"48.94","70.4"
"USC00411880","2022",,,"25.09","70.1"
"USC00220585","2014","83","34","60.26","64.6"
"USC00220585","2015",,,,
"USC00220585","2016","86","38","64.19","68.0"
"USC00220585","2017","84","42","78.07","67.5"
"USC00220585","2018","84","36","70.99","67.0"
"USC00220585","2020","85","43","69.83","67.7"
"USC00220585","2021","84","30","84.81","66.8"
"USC00220585","2022","87","38","68.47","66.6"
"USC00345020","2014",,,,"60.1"
"USC00345020","2015",,,"76.70","62.5"
"USC00345020","2016","87","30","30.26","64.0"
"USC00345020","2017","81","31","36.29","63.4"
"USC00345020","2018","86","28","56.83","61.9"
"USC00345020","2019","83","33","56.35","61.7"
"USC00345020","2020",,,"41.63","62.1"
"USC00345020","2021","83","30",,"62.1"
"USC00345020","2022","87","32",,"62.4"
"USC00404561","2014","75","30","62.32","57.7"
"USC00404561","2015","91","30","57.32","60.1"
"USC00404561","2016","87","31","56.68","61.8"
"USC00404561","2017","88","32","54.74","61.8"
"USC00404561","2018","80","31","84.28","60.3"
"USC00404561","2019","79","26","76.69","61.1"
"USC00404561","2020","82","33","60.18","61.0"
"USC00404561","2021","79","31","58.70","61.0"
"USC00404561","2022","84","30","54.70","60.8"
"USC00380490","2014","76","30","44.44","63.9"
"USC00380490","2015",,,,
"USC00380490","2016",,,,
"USC00380490","2017","78","39","47.36","66.6"
"USC00380490","2018","76","29","60.73","65.5"
"USC00380490","2019","78","38","46.74","66.7"
"USC00380490","2020","79","38","49.48","66.6"
"USC00380490","2021","78","37","51.54","65.2"
"USC00355734","2014","85","34","12.44","50.5"
"USC00355734","2015",,,,
"USC00355734","2016","85","33","10.14","50.1"
"USC00355734","2017",,,,
"USC00355734","2018",,,,
"USC00355734","2019",,,"9.52","47.6"
"USC00355734","2021",,,"8.48","51.3"
"USC00355734","2022","95","26","14.01","49.6"
"USC00340010","2014","84","31",,"60.3"
"USC00340010","2015","84","31",,"61.3"
"USC00340010","2016","86","31","35.90","62.9"
"USC00340010","2017","86","34",,"62.2"
"USC00340010","2018","84","30","41.02","60.8"
"USC00340010","2019","86","33","34.75","60.6"
"USC00340010","2020","85","35","38.31","61.4"
"USC00340010","2021","82","27",,"61.2"
"USC00340010","2022","88","28",,"61.8"
"USC00409219","2014",,,,
"USC00409219","2015",,,"61.22","57.8"
"USC00409219","2016","88","32","49.02","59.5"
"USC00409219","2017","98","26","49.16","59.2"
"USC00409219","2018","92","33","61.45","57.7"
"USC00409219","2019","86","31","69.41","58.1"
"USC00409219","2020","86","35","62.10","58.3"
"USC00409219","2021","87","31","54.98","58.3"
"USC00409219","2022",,,"53.25","57.3"
"USC00087020","2014",,,"50.67","75.6"
"USC00087020","2015",,,"67.30","78.1"
"USC00087020","2016",,,"60.44","76.4"
"USC00087020","2017",,,"78.57","75.8"
"USC00087020","2018",,,"55.43","75.7"
"USC00087020","2019",,,"58.54",
"USC00087020","2020",,,"88.18","76.4"
"USC00087020","2021",,,"56.93","75.8"
"USC00087020","2022",,,"64.37","76.2"
"USC00387666","2014","82","36","46.37","62.9"
"USC00387666","2015",,,"62.03","64.6"
"USC00340810","2014","82","30",,"56.9"
"USC00340810","2015","84","29",,"59.1"
"USC00340810","2016","85","28","36.89",
"USC00340810","2017","86","30","36.10","60.2"
"USC00340810","2018","84","27","32.42","58.4"
"USC00340810","2019","84","32","48.96","58.1"
"USC00340810","2020","84","33","32.70","58.9"
"USC00340810","2021",,,,"58.9"
"USC00340810","2022","86","26",,"59.1"
"USC00102942","2014","88","28","14.28","52.4"
"USC00102942","2015","88","14","13.84","53.9"
"USC00102942","2017","88","21","16.16","50.7"
"USC00102942","2018",,,,
"USC00102942","2019","86","30","15.37","51.2"
"USC00102942","2020","83","27","15.20","51.9"
"USC00102942","2022","85","24","13.36","50.3"
"USC00119021","2014",,,"39.79",
"USC00119021","2015",,,,
"USC00119021","2016",,,"39.60",
"USC00119021","2017",,,"42.52",
"USC00119021","2018",,,"34.00",
"USC00119021","2019",,,"45.63",
"USC00012813","2014","85","34","84.24","64.7"
"USC00012813","2015","87","38","70.41","67.7"
"USC00012813","2016","87","43","62.58","67.7"
"USC00012813","2017","85","39","82.97","67.5"
"USC00012813","2018","86","37","83.95","66.6"
"USC00012813","2019","89","42","58.52","67.0"
"USC00012813","2020","88","41","72.57",
"USC00012813","2021","86","40","76.72","66.3"
"USC00012813","2022","87","40","69.04","67.4"
"USC00347570","2014","83","33",,"59.8"
"USC00242104","2014",,,,
"USC00242104","2015",,,"12.49",
"USC00242104","2016",,,"21.63","44.3"
"USC00242104","2017",,,"19.53","42.9"
"USC00242104","2018",,,"13.95","46.4"
"USC00242104","2019",,,"15.74","41.8"
"USC00242104","2020",,,"20.10","44.1"
"USC00242104","2021",,,"17.04","44.6"
"USC00242104","2022",,,"17.53","42.9"
"USC00410206","2014","87","20","25.70","62.3"
"USC00410206","2015",,,"64.03","63.6"
"USC00410206","2016",,,"48.24","64.7"
"USC00410206","2017",,,"33.96","64.8"
"USC00410206","2018",,,"36.94","63.5"
"USC00410206","2019",,,"37.81","62.6"
"USC00339312","2014","71","19","39.15","47.7"
"USC00339312","2015","73","23","40.51","50.0"
"USC00339312","2016",,,"35.34","51.8"
"USC00339312","2017",,,"44.77","51.8"
"USC00339312","2018",,,"51.69","50.7"
"USC00339312","2019",,,,
"USC00339312","2020",,,,
"USC00339312","2021",,,,
"USC00299156","2014","82","27","13.93","59.0"
"USC00299156","2015","82","27","28.07","59.2"
"USC00299156","2016",,,,
"USC00299156","2017","88","21","23.24","60.4"
"USC00299156","2018","86","26","14.11","59.4"
"USC00299156","2019","89","30","12.48","59.1"
"USC00299156","2020",,,,
"USC00299156","2021",,,"15.52","60.2"
"USC00299156","2022","88","27","10.96","59.7"
"USC00340264","2014",,,,"59.5"
"USC00340264","2015","83","31",,"60.9"
"USC00340264","2016","85","32",,"62.5"
"USC00340264","2017","84","32","39.80","61.8"
"USC00340264","2018",,,"32.97","60.6"
"USC00340264","2019","85","33","31.69","60.2"
"USC00340264","2020","82","35",,"60.9"
"USC00340264","2021","80","27",,"60.8"
"USC00340264","2022","87","27",,"61.4"
"USC00400137","2014","86","24","66.37","58.7"
"USC00400137","2015","88","29","61.45","61.3"
"USC00400137","2016","89","30","51.73","62.9"
"USC00400137","2017","84","32","63.38",
"USC00400137","2018","86","29","73.69",
"USC00400137","2019","86","34","64.80","61.9"
"USC00400137","2020","80","35","67.97","61.4"
"USC00400137","2021","91","34","57.15","61.1"
"USC00400137","2022","90","34","59.00","60.7"
"USC00342680","2014","86","32","30.83","61.8"
"USC00342680","2015","90","33",,"63.7"
"USC00342680","2016",,,"39.94","65.3"
"USC00342680","2017","87","32","42.51","64.6"
"USC00342680","2018","88","30","61.36","63.1"
"USC00342680","2019","87","34","50.03","63.0"
"USC00342680","2020","88","36","49.05","63.6"
"USC00342680","2021","88","30",,
"USC00342680","2022","90","30",,"64.1"
"USC00227560","2014",,,"54.58",
"USC00227560","2015",,,"53.46","66.9"
"USC00227560","2016",,,,
"USC00224173","2015",,,,
"USC00224173","2016",,,,
"USC00224173","2017",,,,
"USC00291963","2014","78","26","12.93","55.1"
"USC00291963","2015","78","25","31.09","55.4"
"USC00291963","2016","80","28","13.72","56.6"
"USC00291963","2017","79","27","22.20","57.0"
"USC00291963","2018","79","24","18.02","56.6"
"USC00291963","2019","78","27","24.81","56.8"
"USC00291963","2020","80","28","9.44","57.7"
"USC00291963","2021",,,,
"USC00291963","2022",,,"12.33","57.0"
"USC00457941","2014","74","26","16.70","47.3"
"USC00457941","2015","70","27","14.98","49.3"
"USC00457941","2016","66","26","20.71","47.9"
"USC00457941","2017","69","26","22.09",
"USC00457941","2018","65","24","17.70","47.1"
"USC00457941","2019","77","23","15.02","44.9"
"USC00457941","2020","76","27","16.64","47.4"
"USC00457941","2021","86","15","10.95","48.7"
"USC00457941","2022","78","26","17.11","45.7"
"USC00342207","2014",,,,
"USC00342207","2015","87","31",,"60.7"
"USC00342207","2016","88","31","31.52","62.2"
"USC00342207","2017","88","32","41.89","61.4"
"USC00342207","2018","87","29","35.77","59.2"
"USC00342207","2019","85","32",,"59.1"
"USC00342207","2020","84","34",,"60.0"
"USC00342207","2021","83","28",,"60.3"
"USC00342207","2022","88","28",,"60.5"
"USC00344860","2014","85","30",,"59.1"
"USC00344860","2015","86","29",,"60.7"
"USC00344860","2016","88","28",,"62.3"
"USC00344860","2017","89","31","35.80","61.7"
"USC00344860","2018","87","27","33.52","59.9"
"USC00344860","2019",,,,"59.7"
"USC00344860","2020",,,,"60.2"
"USC00344860","2021","85","28",,"60.5"
"USC00344860","2022","92","29",,"61.0"
"USC00340027","2014",,,,"59.8"
"USC00340027","2015","87","33","76.85","61.7"
"USC00340027","2016","88","32","34.68","63.5"
"USC00340027","2017","87","35",,"62.7"
"USC00340027","2018","89","31","58.40","61.1"
"USC00340027","2019","87","33","40.22","61.0"
"USC00340027","2020","87","36",,"61.4"
"USC00340027","2021",,,,"61.5"
"USC00340027","2022","89","32",,"62.0"
"USC00122309","2014","75","15","51.78","51.6"
"USC00122309","2015","79","29","67.44","54.6"
"USC00122309","2016","79","32","45.64","56.0"
"USC00122309","2017","78","30","55.16",
"USC00122309","2018","80","25","63.28",
"USC00122309","2019","79","33","71.49","53.6"
"USC00122309","2020","77","31","53.06","54.0"
"USC00122309","2021","76","30","53.15","54.0"
"USC00122309","2022","81","22","52.72","52.7"
"USC00412354","2015","99","34","15.92","62.1"
"USC00412354","2016","89","30","7.48","61.7"
"USC00412354","2017","86","31","6.79",
"USC00027390","2014",,,"8.10","65.4"
"USC00027390","2015",,,"11.04","65.5"
"USC00027390","2016",,,"13.16","65.4"
"USC00027390","2017",,,,
"USC00027390","2022",,,"8.41","65.6"
"USC00411267","2014","79","31","20.74","54.6"
"USC00411267","2015","79","35","38.20","56.2"
"USC00411267","2016","81","31","16.25","57.8"
"USC00411267","2017","87","32","25.64","57.3"
"USC00411267","2018","83","29","15.90","56.7"
"USC00411267","2019","82","32","25.07","55.7"
"USC00411267","2020","84","34","10.81","57.1"
"USC00411267","2021","82","30","15.05","56.8"
"USC00411267","2022","85","24","12.73","56.9"
"USC00381241","2014",,,"49.40",
"USC00381241","2015",,,,
"USC00381241","2016",,,,
"USC00381241","2017",,,,
"USC00381241","2018",,,,
"USC00381241","2019",,,,
"USC00381241","2020","82","41","62.39","65.2"
"USC00381241","2021","82","41","50.61","63.8"
"USC00381241","2022",,,"48.02",
"USC00033821","2014","81","25","48.20","59.1"
"USC00033821","2015","87","28","59.13","61.9"
"USC00033821","2016","85","28","48.89","63.5"
"USC00033821","2017",,,,
"USC00033821","2018","85","22","69.83","61.4"
"USC00033821","2019","84","22","73.96","62.2"
"USC00033821","2020",,,"53.52",
"USC00033821","2022",,,"53.00","59.7"
"USC00410613","2014",,,,"67.4"
"USC00410613","2015",,,,
"USC00410613","2016",,,"71.61","70.6"
"USC00410613","2017",,,"90.08","70.7"
"USC00410613","2018",,,"83.90","69.3"
"USC00410613","2019",,,"85.89","69.3"
"USC00410613","2020",,,"59.58","70.2"
"USC00410613","2021",,,"58.68","69.5"
"USC00410613","2022",,,"48.66","69.1"
"USC00402202","2014","74","30","66.33","55.4"
"USC00402202","2015","78","29","72.56",
"USC00402202","2016","76","30","49.81",
"USC00402202","2017",,,"70.80",
"USC00402202","2018","78","29","80.94","54.6"
"USC00402202","2019","76","28","76.41","55.8"
"USC00402202","2020",,,"72.63",
"USC00402202","2021","75","31","61.61","54.5"
"USC00402202","2022","77","30","66.76","54.0"
"USC00229173","2014",,,"58.19","59.6"
"USC00229173","2015","84","32","68.36","62.7"
"USC00229173","2016","91","35","41.26","64.6"
"USC00229173","2017",,,"47.20",
"USC00229173","2018","84","31","57.75","64.2"
"USC00405956","2014","91","23","56.83","59.3"
"USC00405956","2015","84","26","54.11","61.9"
"USC00405956","2016","91","26","61.51","63.4"
"USC00405956","2017","80","20","53.78","63.3"
"USC00405956","2018","80","20","72.04","61.2"
"USC00405956","2019","78","25","77.12","62.1"
"USC00405956","2020",,,"56.39","61.9"
"USC00405956","2021",,,"59.57","61.8"
"USC00405956","2022",,,"56.71","61.3"
"USC00343660","2014",,,,"57.3"
"USC00343660","2015","85","26",,"59.5"
"USC00343660","2016","85","26","24.44","60.9"
"USC00343660","2017","86","29",,"59.8"
"USC00343660","2018","84","27",,"58.5"
"USC00343660","2019","83","28",,"57.5"
"USC00343660","2020","83","32",,"58.5"
"USC00343660","2021","84","23",,"59.5"
"USC00343660","2022","86","16",,"59.2"
"USC00341240","2014","85","29",,"57.9"
"USC00341240","2015","86","26","32.93","59.7"
"USC00341240","2016","86","20","20.59","60.2"
"USC00341240","2017","86","26",,"59.7"
"USC00341240","2018",,,,
"USC00341240","2020","86","33",,"58.7"
"USC00341240","2021","86","30",,"59.7"
"USC00341240","2022","88","20","14.24","59.5"
"USC00347343","2014","82","32",,"58.2"
"USC00347343","2015","84","32",,
"USC00347343","2016","85","30","33.30",
"USC00347343","2017","85","31",,"60.3"
"USC00347343","2018","85","27",,"59.4"
"USC00347343","2019",,,,"58.4"
"USC00347343","2020","84","34",,"59.7"
"USC00347343","2021","83","24",,"59.7"
"USC00347343","2022",,,,"60.2"
"USC00018209","2015",,,"59.02",
"USC00018209","2016",,,"41.54",
"USC00018209","2017",,,"64.70",
"USC00018209","2018",,,,
"USC00018209","2019",,,"47.17","64.9"
"USC00018209","2020",,,,
"USC00018209","2021",,,,
"USC00018209","2022",,,"59.81",
"USC00157510","2014",,,"54.65","53.3"
"USC00157510","2015",,,"64.04",
"USC00157510","2016",,,,
"USC00349400","2014","86","34",,"62.1"
"USC00349400","2015","88","34","55.28","63.4"
"USC00349400","2016","88","32","40.66","64.7"
"USC00349400","2017","87","30","43.88","64.4"
"USC00349400","2018","88","30","43.11","63.5"
"USC00349400","2019",,,"36.83","62.9"
"USC00349400","2020","87","35","36.57","63.5"
"USC00349400","2021","85","32",,"63.2"
"USC00349400","2022","90","31",,"63.9"
"USC00349768","2014","85","29",,"58.3"
"USC00349768","2015","85","28",,"60.0"
"USC00349768","2016","86","23","19.62","61.2"
"USC00349768","2017","86","25","25.76","60.2"
"USC00349768","2018","84","27",,"59.1"
"USC00349768","2019","86","31",,"58.3"
"USC00349768","2020","85","32",,"59.6"
"USC00349768","2021","82","27",,"60.0"
"USC00349768","2022","86","23","20.12","60.0"
"USC00346139","2014",,,"20.35","56.7"
"USC00346139","2015",,,"36.39","58.9"
"USC00346139","2016",,,"26.24","59.5"
"USC00346139","2017",,,"26.44","58.9"
"USC00346139","2018",,,"35.01","57.6"
"USC00346139","2019",,,"30.38","56.5"
"USC00346139","2020",,,"21.31","58.0"
"USC00346139","2021",,,"20.17","57.2"
"USC00346139","2022",,,"20.68",
"USC00346931","2014","85","32",,
"USC00346931","2015","86","33","64.58","62.3"
"USC00346931","2016","89","32","36.36","64.1"
"USC00346931","2017",,,"40.13","63.4"
"USC00346931","2018","87","31","50.49","61.8"
"USC00346931","2019","86","34","41.59","61.4"
"USC00346931","2020","86","36",,
"USC00346931","2022","87","30",,"62.5"
"USC00381479","2014",,,"47.80","59.7"
"USC00381479","2015",,,"63.52","62.2"
"USC00381479","2016",,,"43.65","62.5"
"USC00381479","2017",,,"45.30","62.6"
"USC00381479","2018","86","38","54.43","61.4"
"USC00381479","2019","87","43","42.99","61.8"
"USC00381479","2020",,,"49.61","61.5"
"USC00381479","2021",,,"49.66","60.4"
"USC00381479","2022",,,"40.26","60.8"
"USC00346382","2014","83","31",,"60.1"
"USC00346382","2015","85","32","61.02","61.4"
"USC00346382","2016","86","31","30.35",
"USC00346382","2017","86","34","36.15","62.6"
"USC00346382","2018","86","30","43.88","60.7"
"USC00346382","2019","86","32","42.18","60.6"
"USC00346382","2020","84","35",,"61.3"
"USC00346382","2021","84","30",,"61.4"
"USC00346382","2022","89","27",,"61.8"
"USC00097087","2016",,,"35.02","65.9"
"USC00097087","2017",,,"52.58","65.5"
"USC00097087","2018",,,"58.91","65.5"
"USC00097087","2019",,,"48.72","66.8"
"USC00097087","2020",,,"61.08","66.5"
"USC00097087","2021",,,"56.35","65.6"
"USC00097087","2022",,,,
"USC00406012","2014","84","21","50.50","57.1"
"USC00406012","2015","86","27","61.31","59.8"
"USC00406012","2016","85","26","50.37",
"USC00406012","2017","90","28","54.97",
"USC00406012","2018","84","22","76.74","59.6"
"USC00406012","2019","89","30","72.80",
"USC00406012","2020","85","24","61.26","57.8"
"USC00406012","2021",,,"53.39","57.1"
"USC00406012","2022",,,"53.76",
"USC00228998","2014",,,"59.26",
"USC00228998","2015",,,,
"USC00228998","2016",,,,
"USC00228998","2017",,,,
"USC00228998","2018",,,,
"USC00228998","2019",,,,
"USC00255590","2014",,,,"47.4"
"USC00255590","2015",,,,
"USC00128784","2014",,,"43.85","47.8"
"USC00128784","2015",,,"46.22","50.9"
"USC00128784","2016",,,"42.72","53.2"
"USC00128784","2017",,,"52.16","52.8"
"USC00128784","2018","81","38","45.06","51.3"
"USC00128784","2019","80","38","40.40","51.2"
"USC00128784","2020","79","35","42.30","52.2"
"USC00128784","2021","79","32","49.58",
"USC00128784","2022",,,,
"USC00107644","2014",,,"17.70","44.9"
"USC00107644","2015",,,"11.92","45.9"
"USC00107644","2016",,,"12.90",
"USC00107644","2020",,,,"44.9"
"USC00107644","2021",,,,"46.6"
"USC00107644","2022",,,,"44.1"
"USC00359461","2014","81","34","36.06","56.7"
"USC00359461","2015","83","33","32.99","57.1"
"USC00359461","2016",,,"44.93","56.1"
"USC00359461","2017",,,"37.34","54.8"
"USC00359461","2018",,,"28.57",
"USC00359461","2019",,,"35.81","54.6"
"USC00359461","2020",,,"29.90","56.2"
"USC00359461","2021",,,"29.02","56.3"
"USC00359461","2022",,,"31.57","55.1"
"USC00427516","2015",,,"11.10","64.1"
"USC00427516","2016",,,"11.82","64.3"
"USC00427516","2017",,,"10.50","64.4"
"USC00427516","2018",,,"9.93","64.2"
"USC00427516","2019",,,"16.17","61.6"
"USC00427516","2020",,,"7.13","63.8"
"USC00427516","2021",,,"8.84","65.0"
"USC00427516","2022",,,"5.89","64.2"
"USC00017207","2015",,,"59.98","60.4"
"USC00017207","2016",,,"42.84","61.7"
"USC00017207","2017",,,"69.48","61.2"
"USC00017207","2018",,,"66.00","60.0"
"USC00017207","2019",,,"69.57","61.2"
"USC00017207","2020",,,"71.22","60.3"
"USC00017207","2021",,,"73.81","60.0"
"USC00017207","2022",,,"59.65","59.8"
"USC00415094","2015",,,"66.52",
"USC00415094","2021",,,"30.65",
"USC00415094","2022",,,"32.71",
"USC00231801","2014","79","21","47.83","53.9"
"USC00231801","2015","79","24","52.06","56.9"
"USC00231801","2016","80","29","39.15","58.4"
"USC00231801","2017","79","21","37.99","58.1"
"USC00231801","2018","80","16","37.77","56.3"
"USC00231801","2019","80","29","46.54","55.5"
"USC00231801","2020","79","29","47.16","56.2"
"USC00231801","2021","80","32","51.88","57.2"
"USC00231801","2022","81","25","33.25","55.9"
"USC00412011","2014","86","50","27.10","70.2"
"USC00412011","2015","83","48","42.96","71.4"
"USC00412011","2016","85","53","33.83","73.3"
"USC00412011","2017","85","50","29.88","73.5"
"USC00412011","2018",,,"41.50","71.5"
"USC00412011","2019","84","54","24.65","72.3"
"USC00412011","2020","82","56","27.37","73.6"
"USC00412011","2021","81","48","46.69","72.8"
"USC00412011","2022","83","52","25.98","72.4"
"USC00162212","2014",,,"63.58","66.2"
"USC00162212","2017",,,"74.37",
"USC00162212","2018",,,"64.99",
"USC00162212","2019",,,"66.31",
"USC00162212","2021",,,"74.58",
"USC00162212","2022",,,"47.80",
"USC00348570","2014","86","35",,"59.8"
"USC00348570","2015","89","35","73.69","61.6"
"USC00348570","2016","90","34","36.61","63.2"
"USC00348570","2017",,,"44.72",
"USC00348570","2018","90","33","57.39","61.2"
"USC00348570","2019","88","35","43.37","61.0"
"USC00348570","2020","87","37","40.87","61.7"
"USC00348570","2021","87","33",,"61.5"
"USC00348570","2022","90","33",,"62.1"
"USC00143930","2014","76","32","26.02","53.1"
"USC00143930","2015",,,"29.48","56.5"
"USC00143930","2016","79","33","40.61","57.2"
"USC00143930","2017","81","32","25.53","57.1"
"USC00143930","2018",,,"39.78","55.6"
"USC00143930","2019","83","27","29.61","54.3"
"USC00143930","2020","85","32","25.65","55.7"
"USC00143930","2021","86","29","27.46","56.4"
"USC00143930","2022","89","29","20.86","56.2"
"USC00245761","2015","73","30","12.52","45.7"
"USC00245761","2017",,,,
"USC00417944","2014","88","38","15.81","65.0"
"USC00417944","2015","90","38","25.94","65.1"
"USC00417944","2016","90","39","32.57","66.4"
"USC00417944","2017","88","38","19.47","66.9"
"USC00417944","2018","90","33","32.83","65.3"
"USC00417944","2019","87","37","19.73","64.9"
"USC00417944","2020","88","39","19.82","66.1"
"USC00417944","2021","87","31","22.86","65.1"
"USC00417944","2022","91","35","15.53","66.7"
"USC00241047","2014",,,"17.43","44.3"
"USC00241047","2015","74","28","13.99","46.8"
"USC00241047","2016",,,"15.26",
"USC00241047","2017","72","26","17.56","44.6"
"USC00241047","2018","69","26","17.69","43.7"
"USC00241047","2019","69","17","18.93","41.2"
"USC00241047","2020","71","23","11.45","45.5"
"USC00241047","2021","74","16","13.80","46.2"
"USC00241047","2022","74","26","16.77","43.2"
"USW00024127","2014",,,"14.48","55.5"
"USW00024127","2015",,,"16.17","56.3"
"USW00024127","2016",,,"14.89","56.2"
"USW00024127","2017",,,"16.04","56.1"
"USW00024127","2018",,,"13.24","56.2"
"USW00024127","2019",,,"20.13","53.5"
"USW00024127","2020",,,"8.99","55.6"
"USW00024127","2021",,,"15.38","56.2"
"USW00024127","2022",,,"12.61","55.8"
"USW00023034","2014",,,"16.71","66.6"
"USW00023034","2015",,,"26.81","66.8"
"USW00023034","2016",,,"35.75","67.6"
"USW00023034","2017",,,"18.49","67.9"
"USW00023034","2018",,,"34.09","66.8"
"USW00023034","2019",,,"17.74","66.7"
"USW00023034","2020",,,"20.07","67.6"
"USW00023034","2021",,,"23.25","66.4"
"USW00023034","2022",,,"13.72","67.8"
"USC00408562","2014","79","35","49.33","56.5"
"USC00408562","2015","88","36","53.02","58.9"
"USC00408562","2016","89","37","52.57","60.2"
"USC00408562","2017","84","36","62.40","59.8"
"USC00408562","2018","87","35","58.06","58.8"
"USC00408562","2019","81","38","72.73","59.6"
"USC00408562","2020","82","32","58.11","58.3"
"USC00408562","2021",,,"53.00","58.5"
"USC00408562","2022",,,"54.00","58.0"
"USC00410639","2014",,,,"69.9"
"USC00410639","2015",,,,"69.9"
"USC00410639","2016",,,,"71.7"
"USC00410639","2017",,,"32.44",
"USC00410639","2018",,,"40.56","70.2"
"USC00410639","2019",,,"17.59","70.4"
"USC00410639","2020",,,"28.37",
"USC00410639","2021",,,"46.07","71.1"
"USC00410639","2022",,,"24.58",
"USC00341266","2014","85","32",,"61.8"
"USC00341266","2015","90","33",,"63.4"
"USC00341266","2016","91","32","38.99","64.5"
"USC00341266","2017","89","32","30.65","64.5"
"USC00341266","2018","91","30","45.97",
"USC00341266","2019",,,"45.38","62.6"
"USC00341266","2020","88","35","40.48","63.2"
"USC00341266","2021","87","31",,"62.7"
"USC00341266","2022","90","29",,"63.1"
"USC00403679","2014","80","28","36.31","55.3"
"USC00403679","2015","80","29","47.86","57.5"
"USC00403679","2016","84","30","39.93",
"USC00403679","2017","81","20","40.09","57.8"
"USC00403679","2018","81","28","56.37","57.8"
"USC00403679","2019","79","32","57.76","58.3"
"USC00403679","2020","82","32","60.52","57.1"
"USC00403679","2021","80","15","49.00","56.7"
"USC00403679","2022","81","31","41.78","56.6"
"USC00285195","2022","76","28","50.93","54.6"
"USC00347002","2014",,,,"59.2"
"USC00347002","2015",,,,"60.9"
"USC00347002","2016","87","28","29.23","62.7"
"USC00347002","2017",,,"41.44",
"USC00347002","2018","85","30","38.51","59.8"
"USC00347002","2019","86","32","51.46","59.7"
"USC00347002","2020","83","34",,"60.7"
"USC00347002","2021",,,,"60.9"
"USC00347002","2022","86","26",,"61.2"
"USC00120830","2014","72","23","40.96","46.8"
"USC00120830","2015","72","10","52.47","49.8"
"USC00120830","2016",,,,
"USC00120830","2017",,,"45.67","51.9"
"USC00120830","2018",,,,
"USC00120830","2019",,,,
"USC00120830","2020",,,,
"USC00120830","2021",,,,
"USC00381814","2014","81","36","38.87","61.0"
"USC00381814","2015",,,"66.58","63.1"
"USC00381814","2016",,,"28.50","63.4"
"USC00381814","2017","80","39","43.09","62.8"
"USC00381814","2018","82","34","62.09","61.9"
"USC00381814","2019","84","38","44.81","62.9"
"USC00381814","2020",,,"59.89","62.3"
"USC00381814","2021",,,"43.11","61.6"
"USC00381814","2022","82","32","47.42","61.6"
"USC00349428","2014","83","28",,
"USC00349428","2015","83","28",,"60.5"
"USC00349428","2016","85","24",,"61.7"
"USC00349428","2017","85","25",,"61.0"
"USC00349428","2018","86","21","35.35","60.1"
"USC00349428","2019","85","28","43.92","59.0"
"USC00349428","2020","84","32",,"60.2"
"USC00349428","2021",,,,"60.7"
"USC00349428","2022","86","26",,"61.0"
"USC00415410","2014",,,"21.62",
"USC00415410","2015",,,"29.86",
"USC00415410","2016",,,"14.31",
"USC00415410","2017",,,"20.96",
"USC00415410","2018",,,"14.93",
"USC00415410","2019",,,"24.59",
"USC00415410","2020",,,"10.98",
"USC00415410","2021",,,"20.46",
"USC00415410","2022",,,"14.24",
"USC00395090","2014",,,"23.00","42.3"
"USC00395090","2015",,,"29.55","46.7"
"USC00395090","2016",,,"28.57","47.5"
"USC00395090","2017",,,"20.96","46.2"
"USC00395090","2018",,,"30.21","43.6"
"USC00395090","2019",,,"44.59","42.0"
"USC00395090","2020",,,"17.48","45.8"
"USC00395090","2021",,,"18.61","47.2"
"USC00395090","2022",,,"20.89",
"USC00346282","2014","82","30",,"56.7"
"USC00346282","2015","84","28",,"59.1"
"USC00346282","2016","86","28",,"60.6"
"USC00346282","2017",,,"37.82","59.9"
"USC00346282","2018","83","26",,"57.8"
"USC00346282","2019",,,,
"USC00346282","2020","82","32",,"58.6"
"USC00346282","2021","83","23",,"59.1"
"USC00346282","2022",,,,"58.8"
"USC00226476","2014",,,"57.40",
"USC00226476","2015","88","44","58.97","66.2"
"USC00226476","2016","89","45","53.15","66.5"
"USC00226476","2017","87","45","57.92","66.3"
"USC00226476","2018",,,,
"USC00116344","2014","70","18","40.02","48.9"
"USC00116344","2015","70","8","52.30","52.0"
"USC00116344","2016","77","29","42.24","53.9"
"USC00116344","2017","78","31","36.77","53.9"
"USC00116344","2018","78","24","49.61","51.9"
"USC00116344","2019","79","23","41.33","51.7"
"USC00116344","2020","76","29","40.57","52.6"
"USC00116344","2021","76","28","42.81","53.2"
"USC00116344","2022","76","24","36.92","51.3"
"USC00415415","2014",,,"49.89","63.1"
"USC00415415","2015",,,"74.21",
"USC00405187","2014","78","33","52.09","55.4"
"USC00405187","2015",,,"54.04",
"USC00405187","2016","81","29","33.64","59.5"
"USC00405187","2017",,,"56.57",
"USC00405187","2018","79","30","61.48","59.4"
"USC00405187","2019","79","36","68.72","60.7"
"USC00405187","2020","79","38","70.97","60.0"
"USC00405187","2021","79","34","75.07","59.3"
"USC00405187","2022","81","35","68.62","59.0"
"USC00340180","2014","85","34",,"61.1"
"USC00340180","2015","88","34","34.99",
"USC00340180","2016","87","34","36.40","63.4"
"USC00340180","2017","88","33","30.06","63.1"
"USC00340180","2018","87","30","29.99",
"USC00340180","2019","88","35","26.34","61.7"
"USC00340180","2020","86","37","26.42","62.3"
"USC00340180","2021","85","32",,"62.3"
"USC00340180","2022","90","33",,"63.5"
"USC00351862","2014",,,"45.96","54.8"
"USC00351862","2015",,,"41.02","55.2"
"USC00351862","2016",,,,
"USC00351862","2017",,,,
"USC00351862","2018","75","36","33.07","53.6"
"USC00351862","2019","75","35","33.65","52.3"
"USC00351862","2020","73","37","41.12","53.5"
"USC00351862","2021","78","36","42.73","53.9"
"USC00351862","2022","79","25","39.73","52.8"
